-- phpMyAdmin SQL Dump
-- version 4.9.0.1
-- https://www.phpmyadmin.net/
--
-- Host: 127.0.0.1
-- Generation Time: Dec 03, 2019 at 12:00 AM
-- Server version: 10.3.16-MariaDB
-- PHP Version: 7.3.6

SET SQL_MODE = "NO_AUTO_VALUE_ON_ZERO";
SET AUTOCOMMIT = 0;
START TRANSACTION;
SET time_zone = "+00:00";


/*!40101 SET @OLD_CHARACTER_SET_CLIENT=@@CHARACTER_SET_CLIENT */;
/*!40101 SET @OLD_CHARACTER_SET_RESULTS=@@CHARACTER_SET_RESULTS */;
/*!40101 SET @OLD_COLLATION_CONNECTION=@@COLLATION_CONNECTION */;
/*!40101 SET NAMES utf8mb4 */;

--
-- Database: `mini_sosmed`
--

-- --------------------------------------------------------

--
-- Table structure for table `failed_jobs`
--

CREATE TABLE `failed_jobs` (
  `id` bigint(20) UNSIGNED NOT NULL,
  `connection` text COLLATE utf8mb4_unicode_ci NOT NULL,
  `queue` text COLLATE utf8mb4_unicode_ci NOT NULL,
  `payload` longtext COLLATE utf8mb4_unicode_ci NOT NULL,
  `exception` longtext COLLATE utf8mb4_unicode_ci NOT NULL,
  `failed_at` timestamp NOT NULL DEFAULT current_timestamp()
) ENGINE=InnoDB DEFAULT CHARSET=utf8mb4 COLLATE=utf8mb4_unicode_ci;

-- --------------------------------------------------------

--
-- Table structure for table `migrations`
--

CREATE TABLE `migrations` (
  `id` int(10) UNSIGNED NOT NULL,
  `migration` varchar(255) COLLATE utf8mb4_unicode_ci NOT NULL,
  `batch` int(11) NOT NULL
) ENGINE=InnoDB DEFAULT CHARSET=utf8mb4 COLLATE=utf8mb4_unicode_ci;

--
-- Dumping data for table `migrations`
--

INSERT INTO `migrations` (`id`, `migration`, `batch`) VALUES
(1, '2014_10_12_100000_create_password_resets_table', 1),
(2, '2019_08_19_000000_create_failed_jobs_table', 1),
(3, '2019_11_21_125803_create_tb_users_table', 1);

-- --------------------------------------------------------

--
-- Table structure for table `password_resets`
--

CREATE TABLE `password_resets` (
  `username` varchar(255) COLLATE utf8mb4_unicode_ci NOT NULL,
  `token` varchar(255) COLLATE utf8mb4_unicode_ci NOT NULL,
  `created_at` timestamp NULL DEFAULT NULL
) ENGINE=InnoDB DEFAULT CHARSET=utf8mb4 COLLATE=utf8mb4_unicode_ci;

-- --------------------------------------------------------

--
-- Table structure for table `tb_friends`
--

CREATE TABLE `tb_friends` (
  `id_user` bigint(20) UNSIGNED NOT NULL,
  `id_follower` bigint(20) UNSIGNED NOT NULL
) ENGINE=InnoDB DEFAULT CHARSET=latin1;

--
-- Dumping data for table `tb_friends`
--

INSERT INTO `tb_friends` (`id_user`, `id_follower`) VALUES
(1, 2),
(3, 1),
(2, 3),
(2, 4),
(2, 302);

-- --------------------------------------------------------

--
-- Table structure for table `tb_likes`
--

CREATE TABLE `tb_likes` (
  `id_likes` int(11) NOT NULL,
  `id_tweet` int(11) NOT NULL,
  `id_user` bigint(20) UNSIGNED NOT NULL
) ENGINE=InnoDB DEFAULT CHARSET=latin1;

--
-- Dumping data for table `tb_likes`
--

INSERT INTO `tb_likes` (`id_likes`, `id_tweet`, `id_user`) VALUES
(2, 2, 1),
(3, 1, 1),
(4, 2, 3),
(9, 3, 2),
(14, 2, 2),
(23, 10, 2),
(27, 13, 2),
(28, 14, 2),
(29, 14, 3),
(30, 13, 3);

-- --------------------------------------------------------

--
-- Table structure for table `tb_reply`
--

CREATE TABLE `tb_reply` (
  `id_reply` int(11) NOT NULL,
  `reply` varchar(144) NOT NULL,
  `tgl_reply` timestamp NULL DEFAULT NULL,
  `id_tweet` int(11) NOT NULL,
  `id_user` bigint(20) UNSIGNED NOT NULL
) ENGINE=InnoDB DEFAULT CHARSET=latin1;

--
-- Dumping data for table `tb_reply`
--

INSERT INTO `tb_reply` (`id_reply`, `reply`, `tgl_reply`, `id_tweet`, `id_user`) VALUES
(9, 'Gak suka?', '2019-11-27 17:00:01', 2, 1),
(13, 'Suka kok', '2019-11-28 13:33:47', 2, 2),
(18, 'Gak tidur dong aku', '2019-12-02 21:30:03', 13, 2),
(19, 'mantab kan?', '2019-12-02 21:30:20', 13, 2),
(20, 'sepi banget komentarnya', '2019-12-02 22:16:42', 14, 2),
(21, 'Kabar baik', '2019-12-02 22:19:43', 14, 3),
(22, 'mntaps', '2019-12-02 22:37:37', 17, 3),
(23, 'ahay', '2019-12-02 22:42:11', 16, 3);

-- --------------------------------------------------------

--
-- Table structure for table `tb_tweets`
--

CREATE TABLE `tb_tweets` (
  `id_tweet` int(11) NOT NULL,
  `tweet` varchar(144) NOT NULL,
  `tgl_tweet` timestamp NULL DEFAULT NULL,
  `t_likes` int(11) NOT NULL DEFAULT 0,
  `id_user` bigint(20) UNSIGNED NOT NULL
) ENGINE=InnoDB DEFAULT CHARSET=latin1;

--
-- Dumping data for table `tb_tweets`
--

INSERT INTO `tb_tweets` (`id_tweet`, `tweet`, `tgl_tweet`, `t_likes`, `id_user`) VALUES
(1, 'Hai juga', '2019-11-29 04:58:08', 3, 2),
(2, 'ML adalah jalan ninjaku', '2019-11-29 03:34:03', 4, 1),
(3, 'hai 2', '2019-11-28 18:59:05', 1, 2),
(8, 'qwerty ASD', '2019-11-29 05:10:57', 0, 2),
(10, 'asdfghjkl', '2019-11-29 09:03:31', 1, 2),
(13, 'TR mantab soul', '2019-12-02 21:29:29', 2, 2),
(14, 'Halo semuanya, apa kabar? Saya fine aja', '2019-12-02 22:16:09', 2, 2),
(15, 'Feed pertama, harus santuy', '2019-12-02 22:26:41', 0, 3),
(16, 'Feed kedua, sans skuy', '2019-12-02 22:40:35', 0, 3),
(17, 'Feed ketiga, good mamank', '2019-12-02 22:40:07', 0, 3);

-- --------------------------------------------------------

--
-- Table structure for table `tb_users`
--

CREATE TABLE `tb_users` (
  `id_user` bigint(20) UNSIGNED NOT NULL,
  `username` varchar(255) COLLATE utf8mb4_unicode_ci NOT NULL,
  `password` varchar(255) COLLATE utf8mb4_unicode_ci NOT NULL,
  `nama` varchar(255) COLLATE utf8mb4_unicode_ci NOT NULL,
  `tgl_lahir` date NOT NULL,
  `bio` varchar(255) COLLATE utf8mb4_unicode_ci DEFAULT NULL,
  `avatar` varchar(255) COLLATE utf8mb4_unicode_ci NOT NULL DEFAULT 'img-default.jpg',
  `cover` varchar(255) COLLATE utf8mb4_unicode_ci NOT NULL DEFAULT 'cover-default.jpg',
  `user_verified_at` timestamp NULL DEFAULT NULL,
  `remember_token` varchar(100) COLLATE utf8mb4_unicode_ci DEFAULT NULL,
  `created_at` timestamp NULL DEFAULT NULL,
  `updated_at` timestamp NULL DEFAULT NULL
) ENGINE=InnoDB DEFAULT CHARSET=utf8mb4 COLLATE=utf8mb4_unicode_ci;

--
-- Dumping data for table `tb_users`
--

INSERT INTO `tb_users` (`id_user`, `username`, `password`, `nama`, `tgl_lahir`, `bio`, `avatar`, `cover`, `user_verified_at`, `remember_token`, `created_at`, `updated_at`) VALUES
(1, 'ericostefanus', '$2y$10$b6da7lNi/hqfjHcQwQ5WGO9KBgX/rM703/luytOHHL59r9ua7zzFm', 'Erico', '1999-09-20', NULL, 'spongebob.png', 'cover-default.jpg', NULL, NULL, '2019-11-21 07:37:03', '2019-11-21 07:37:03'),
(2, 'admin123', '$2y$10$KoZjnJEFbmZIUYSd7LjCauy3JvOOEg4gTaUYny/X2N/bt8dN/Qbv.', 'Helvin Sanjaya', '2019-11-26', 'I need somebody to heal, somebody to know, somebody to have, somebody to hold.', '1575317595_73160289_141332833816889_5720414730368300167_n.jpg', '1575317595_balloons-calm-clouds-colorful-574282.jpg', NULL, NULL, '2019-11-22 19:58:40', '2019-11-22 19:58:40'),
(3, 'rehuel', '$2y$10$9zUbN4OifVcFvgj3V1ZdDugWBS1eo5diRDKCPuPjZ4ElrE.ckjjfa', 'Rehuel Paskahrio', '2019-11-28', 'まだ何もなかった時、神は天と地を造りました。', '1575325446_adult-beach-casual-736716.jpg', '1575325446_cold-conifer-dawn-917494.jpg', NULL, NULL, '2019-11-26 01:59:38', '2019-11-26 01:59:38'),
(4, 'Dr. Gust Rippin', '$2y$10$92IXUNpkjO0rOQ5byMi.Ye4oKoEa3Ro9llC/.og/at2.uheWG/igi', 'Mossie Corkery', '2019-12-02', NULL, 'img-default.jpg', 'cover-default.jpg', '2019-12-02 14:02:56', NULL, '2019-12-02 14:02:56', '2019-12-02 14:02:56'),
(5, 'Shanie Emard DDS', '$2y$10$92IXUNpkjO0rOQ5byMi.Ye4oKoEa3Ro9llC/.og/at2.uheWG/igi', 'Ludwig Hamill', '2019-12-02', NULL, 'img-default.jpg', 'cover-default.jpg', '2019-12-02 14:02:56', NULL, '2019-12-02 14:02:56', '2019-12-02 14:02:56'),
(6, 'Angus Parker', '$2y$10$92IXUNpkjO0rOQ5byMi.Ye4oKoEa3Ro9llC/.og/at2.uheWG/igi', 'Dorris Dooley', '2019-12-02', NULL, 'img-default.jpg', 'cover-default.jpg', '2019-12-02 14:02:56', NULL, '2019-12-02 14:02:56', '2019-12-02 14:02:56'),
(7, 'Mrs. Kyla Kulas I', '$2y$10$92IXUNpkjO0rOQ5byMi.Ye4oKoEa3Ro9llC/.og/at2.uheWG/igi', 'Mr. Marc Fritsch DDS', '2019-12-02', NULL, 'img-default.jpg', 'cover-default.jpg', '2019-12-02 14:02:56', NULL, '2019-12-02 14:02:56', '2019-12-02 14:02:56'),
(8, 'Prof. Lia Lakin', '$2y$10$92IXUNpkjO0rOQ5byMi.Ye4oKoEa3Ro9llC/.og/at2.uheWG/igi', 'Prof. Demario Weber', '2019-12-02', NULL, 'img-default.jpg', 'cover-default.jpg', '2019-12-02 14:02:56', NULL, '2019-12-02 14:02:56', '2019-12-02 14:02:56'),
(9, 'Lavinia Weissnat', '$2y$10$92IXUNpkjO0rOQ5byMi.Ye4oKoEa3Ro9llC/.og/at2.uheWG/igi', 'Noelia Hessel', '2019-12-02', NULL, 'img-default.jpg', 'cover-default.jpg', '2019-12-02 14:02:56', NULL, '2019-12-02 14:02:56', '2019-12-02 14:02:56'),
(10, 'Prof. Shany Marvin', '$2y$10$92IXUNpkjO0rOQ5byMi.Ye4oKoEa3Ro9llC/.og/at2.uheWG/igi', 'Ms. Myra Schroeder IV', '2019-12-02', NULL, 'img-default.jpg', 'cover-default.jpg', '2019-12-02 14:02:56', NULL, '2019-12-02 14:02:56', '2019-12-02 14:02:56'),
(11, 'Charity McKenzie DVM', '$2y$10$92IXUNpkjO0rOQ5byMi.Ye4oKoEa3Ro9llC/.og/at2.uheWG/igi', 'Charlotte Bartell', '2019-12-02', NULL, 'img-default.jpg', 'cover-default.jpg', '2019-12-02 14:02:56', NULL, '2019-12-02 14:02:56', '2019-12-02 14:02:56'),
(12, 'Wendell Hegmann', '$2y$10$92IXUNpkjO0rOQ5byMi.Ye4oKoEa3Ro9llC/.og/at2.uheWG/igi', 'Kari Kuhic', '2019-12-02', NULL, 'img-default.jpg', 'cover-default.jpg', '2019-12-02 14:02:56', NULL, '2019-12-02 14:02:56', '2019-12-02 14:02:56'),
(13, 'Nia Tremblay', '$2y$10$92IXUNpkjO0rOQ5byMi.Ye4oKoEa3Ro9llC/.og/at2.uheWG/igi', 'Nathen Lesch I', '2019-12-02', NULL, 'img-default.jpg', 'cover-default.jpg', '2019-12-02 14:02:56', NULL, '2019-12-02 14:02:56', '2019-12-02 14:02:56'),
(14, 'Jarret Hirthe', '$2y$10$92IXUNpkjO0rOQ5byMi.Ye4oKoEa3Ro9llC/.og/at2.uheWG/igi', 'Kimberly Skiles II', '2019-12-02', NULL, 'img-default.jpg', 'cover-default.jpg', '2019-12-02 14:02:56', NULL, '2019-12-02 14:02:56', '2019-12-02 14:02:56'),
(15, 'Alisa Pfeffer', '$2y$10$92IXUNpkjO0rOQ5byMi.Ye4oKoEa3Ro9llC/.og/at2.uheWG/igi', 'Preston Stanton', '2019-12-02', NULL, 'img-default.jpg', 'cover-default.jpg', '2019-12-02 14:02:56', NULL, '2019-12-02 14:02:56', '2019-12-02 14:02:56'),
(16, 'Arnulfo Hoeger V', '$2y$10$92IXUNpkjO0rOQ5byMi.Ye4oKoEa3Ro9llC/.og/at2.uheWG/igi', 'Korbin Bashirian', '2019-12-02', NULL, 'img-default.jpg', 'cover-default.jpg', '2019-12-02 14:02:56', NULL, '2019-12-02 14:02:56', '2019-12-02 14:02:56'),
(17, 'Samir Simonis I', '$2y$10$92IXUNpkjO0rOQ5byMi.Ye4oKoEa3Ro9llC/.og/at2.uheWG/igi', 'Miss Felipa Ullrich DDS', '2019-12-02', NULL, 'img-default.jpg', 'cover-default.jpg', '2019-12-02 14:02:56', NULL, '2019-12-02 14:02:56', '2019-12-02 14:02:56'),
(18, 'Prof. Willow Gulgowski', '$2y$10$92IXUNpkjO0rOQ5byMi.Ye4oKoEa3Ro9llC/.og/at2.uheWG/igi', 'Prof. Derek Streich II', '2019-12-02', NULL, 'img-default.jpg', 'cover-default.jpg', '2019-12-02 14:02:56', NULL, '2019-12-02 14:02:56', '2019-12-02 14:02:56'),
(19, 'Mandy Schumm III', '$2y$10$92IXUNpkjO0rOQ5byMi.Ye4oKoEa3Ro9llC/.og/at2.uheWG/igi', 'Bernita Schamberger', '2019-12-02', NULL, 'img-default.jpg', 'cover-default.jpg', '2019-12-02 14:02:56', NULL, '2019-12-02 14:02:56', '2019-12-02 14:02:56'),
(20, 'Hallie Satterfield', '$2y$10$92IXUNpkjO0rOQ5byMi.Ye4oKoEa3Ro9llC/.og/at2.uheWG/igi', 'Cassandre Kilback', '2019-12-02', NULL, 'img-default.jpg', 'cover-default.jpg', '2019-12-02 14:02:56', NULL, '2019-12-02 14:02:56', '2019-12-02 14:02:56'),
(21, 'Maximilian Ledner', '$2y$10$92IXUNpkjO0rOQ5byMi.Ye4oKoEa3Ro9llC/.og/at2.uheWG/igi', 'Treva Quigley', '2019-12-02', NULL, 'img-default.jpg', 'cover-default.jpg', '2019-12-02 14:02:56', NULL, '2019-12-02 14:02:56', '2019-12-02 14:02:56'),
(22, 'Jairo Hill', '$2y$10$92IXUNpkjO0rOQ5byMi.Ye4oKoEa3Ro9llC/.og/at2.uheWG/igi', 'Mr. Wallace Orn', '2019-12-02', NULL, 'img-default.jpg', 'cover-default.jpg', '2019-12-02 14:02:56', NULL, '2019-12-02 14:02:56', '2019-12-02 14:02:56'),
(23, 'Cecelia Hegmann', '$2y$10$92IXUNpkjO0rOQ5byMi.Ye4oKoEa3Ro9llC/.og/at2.uheWG/igi', 'Ms. Caterina Crona I', '2019-12-02', NULL, 'img-default.jpg', 'cover-default.jpg', '2019-12-02 14:02:56', NULL, '2019-12-02 14:02:56', '2019-12-02 14:02:56'),
(24, 'Brielle Simonis', '$2y$10$92IXUNpkjO0rOQ5byMi.Ye4oKoEa3Ro9llC/.og/at2.uheWG/igi', 'Dr. Ottis Berge III', '2019-12-02', NULL, 'img-default.jpg', 'cover-default.jpg', '2019-12-02 14:02:56', NULL, '2019-12-02 14:02:56', '2019-12-02 14:02:56'),
(25, 'Lindsay Greenfelder', '$2y$10$92IXUNpkjO0rOQ5byMi.Ye4oKoEa3Ro9llC/.og/at2.uheWG/igi', 'Jadon Crooks', '2019-12-02', NULL, 'img-default.jpg', 'cover-default.jpg', '2019-12-02 14:02:56', NULL, '2019-12-02 14:02:56', '2019-12-02 14:02:56'),
(26, 'Nicklaus Romaguera', '$2y$10$92IXUNpkjO0rOQ5byMi.Ye4oKoEa3Ro9llC/.og/at2.uheWG/igi', 'Yvonne Wintheiser', '2019-12-02', NULL, 'img-default.jpg', 'cover-default.jpg', '2019-12-02 14:02:56', NULL, '2019-12-02 14:02:56', '2019-12-02 14:02:56'),
(27, 'Lincoln Eichmann', '$2y$10$92IXUNpkjO0rOQ5byMi.Ye4oKoEa3Ro9llC/.og/at2.uheWG/igi', 'Garnett Quitzon', '2019-12-02', NULL, 'img-default.jpg', 'cover-default.jpg', '2019-12-02 14:02:56', NULL, '2019-12-02 14:02:56', '2019-12-02 14:02:56'),
(28, 'Anais O\'Reilly I', '$2y$10$92IXUNpkjO0rOQ5byMi.Ye4oKoEa3Ro9llC/.og/at2.uheWG/igi', 'Lulu Keeling II', '2019-12-02', NULL, 'img-default.jpg', 'cover-default.jpg', '2019-12-02 14:02:56', NULL, '2019-12-02 14:02:56', '2019-12-02 14:02:56'),
(29, 'Loraine Powlowski', '$2y$10$92IXUNpkjO0rOQ5byMi.Ye4oKoEa3Ro9llC/.og/at2.uheWG/igi', 'David Schulist', '2019-12-02', NULL, 'img-default.jpg', 'cover-default.jpg', '2019-12-02 14:02:56', NULL, '2019-12-02 14:02:56', '2019-12-02 14:02:56'),
(30, 'Daphne Considine', '$2y$10$92IXUNpkjO0rOQ5byMi.Ye4oKoEa3Ro9llC/.og/at2.uheWG/igi', 'Isabell Dooley V', '2019-12-02', NULL, 'img-default.jpg', 'cover-default.jpg', '2019-12-02 14:02:56', NULL, '2019-12-02 14:02:56', '2019-12-02 14:02:56'),
(31, 'Antonia Kuhn', '$2y$10$92IXUNpkjO0rOQ5byMi.Ye4oKoEa3Ro9llC/.og/at2.uheWG/igi', 'Miss Misty Larson', '2019-12-02', NULL, 'img-default.jpg', 'cover-default.jpg', '2019-12-02 14:02:56', NULL, '2019-12-02 14:02:56', '2019-12-02 14:02:56'),
(32, 'Mr. Gunner Lindgren', '$2y$10$92IXUNpkjO0rOQ5byMi.Ye4oKoEa3Ro9llC/.og/at2.uheWG/igi', 'Darby Mohr', '2019-12-02', NULL, 'img-default.jpg', 'cover-default.jpg', '2019-12-02 14:02:56', NULL, '2019-12-02 14:02:56', '2019-12-02 14:02:56'),
(33, 'Sonya Stamm', '$2y$10$92IXUNpkjO0rOQ5byMi.Ye4oKoEa3Ro9llC/.og/at2.uheWG/igi', 'Darwin Dickinson', '2019-12-02', NULL, 'img-default.jpg', 'cover-default.jpg', '2019-12-02 14:02:56', NULL, '2019-12-02 14:02:56', '2019-12-02 14:02:56'),
(34, 'Kassandra DuBuque', '$2y$10$92IXUNpkjO0rOQ5byMi.Ye4oKoEa3Ro9llC/.og/at2.uheWG/igi', 'Dr. Arnulfo Bauch', '2019-12-02', NULL, 'img-default.jpg', 'cover-default.jpg', '2019-12-02 14:02:56', NULL, '2019-12-02 14:02:56', '2019-12-02 14:02:56'),
(35, 'Elmira Kuhic', '$2y$10$92IXUNpkjO0rOQ5byMi.Ye4oKoEa3Ro9llC/.og/at2.uheWG/igi', 'Zoey Mayer', '2019-12-02', NULL, 'img-default.jpg', 'cover-default.jpg', '2019-12-02 14:02:56', NULL, '2019-12-02 14:02:56', '2019-12-02 14:02:56'),
(36, 'Mr. Denis Boehm MD', '$2y$10$92IXUNpkjO0rOQ5byMi.Ye4oKoEa3Ro9llC/.og/at2.uheWG/igi', 'Kyleigh Ryan', '2019-12-02', NULL, 'img-default.jpg', 'cover-default.jpg', '2019-12-02 14:02:56', NULL, '2019-12-02 14:02:56', '2019-12-02 14:02:56'),
(37, 'Miss Kylee Bashirian', '$2y$10$92IXUNpkjO0rOQ5byMi.Ye4oKoEa3Ro9llC/.og/at2.uheWG/igi', 'Rollin Torphy IV', '2019-12-02', NULL, 'img-default.jpg', 'cover-default.jpg', '2019-12-02 14:02:56', NULL, '2019-12-02 14:02:56', '2019-12-02 14:02:56'),
(38, 'Hugh Parisian', '$2y$10$92IXUNpkjO0rOQ5byMi.Ye4oKoEa3Ro9llC/.og/at2.uheWG/igi', 'Prof. Consuelo Bartoletti', '2019-12-02', NULL, 'img-default.jpg', 'cover-default.jpg', '2019-12-02 14:02:56', NULL, '2019-12-02 14:02:56', '2019-12-02 14:02:56'),
(39, 'Roy Boyer', '$2y$10$92IXUNpkjO0rOQ5byMi.Ye4oKoEa3Ro9llC/.og/at2.uheWG/igi', 'Zackary Bogan', '2019-12-02', NULL, 'img-default.jpg', 'cover-default.jpg', '2019-12-02 14:02:56', NULL, '2019-12-02 14:02:56', '2019-12-02 14:02:56'),
(40, 'Harvey Rice', '$2y$10$92IXUNpkjO0rOQ5byMi.Ye4oKoEa3Ro9llC/.og/at2.uheWG/igi', 'Emmet Dickens', '2019-12-02', NULL, 'img-default.jpg', 'cover-default.jpg', '2019-12-02 14:02:56', NULL, '2019-12-02 14:02:56', '2019-12-02 14:02:56'),
(41, 'Elliot Kunze PhD', '$2y$10$92IXUNpkjO0rOQ5byMi.Ye4oKoEa3Ro9llC/.og/at2.uheWG/igi', 'Keira Bogisich', '2019-12-02', NULL, 'img-default.jpg', 'cover-default.jpg', '2019-12-02 14:02:56', NULL, '2019-12-02 14:02:56', '2019-12-02 14:02:56'),
(42, 'Brannon Bailey', '$2y$10$92IXUNpkjO0rOQ5byMi.Ye4oKoEa3Ro9llC/.og/at2.uheWG/igi', 'Prof. Caesar Kemmer', '2019-12-02', NULL, 'img-default.jpg', 'cover-default.jpg', '2019-12-02 14:02:56', NULL, '2019-12-02 14:02:56', '2019-12-02 14:02:56'),
(43, 'Katherine Metz', '$2y$10$92IXUNpkjO0rOQ5byMi.Ye4oKoEa3Ro9llC/.og/at2.uheWG/igi', 'Mrs. Rachel Christiansen', '2019-12-02', NULL, 'img-default.jpg', 'cover-default.jpg', '2019-12-02 14:02:56', NULL, '2019-12-02 14:02:56', '2019-12-02 14:02:56'),
(44, 'Hulda Oberbrunner', '$2y$10$92IXUNpkjO0rOQ5byMi.Ye4oKoEa3Ro9llC/.og/at2.uheWG/igi', 'Adella Greenfelder', '2019-12-02', NULL, 'img-default.jpg', 'cover-default.jpg', '2019-12-02 14:02:56', NULL, '2019-12-02 14:02:56', '2019-12-02 14:02:56'),
(45, 'Rebekah Nicolas IV', '$2y$10$92IXUNpkjO0rOQ5byMi.Ye4oKoEa3Ro9llC/.og/at2.uheWG/igi', 'Icie Pfannerstill', '2019-12-02', NULL, 'img-default.jpg', 'cover-default.jpg', '2019-12-02 14:02:56', NULL, '2019-12-02 14:02:56', '2019-12-02 14:02:56'),
(46, 'Ms. Amiya Kirlin', '$2y$10$92IXUNpkjO0rOQ5byMi.Ye4oKoEa3Ro9llC/.og/at2.uheWG/igi', 'Martine Strosin Sr.', '2019-12-02', NULL, 'img-default.jpg', 'cover-default.jpg', '2019-12-02 14:02:56', NULL, '2019-12-02 14:02:56', '2019-12-02 14:02:56'),
(47, 'Jaiden Hand', '$2y$10$92IXUNpkjO0rOQ5byMi.Ye4oKoEa3Ro9llC/.og/at2.uheWG/igi', 'Merle Paucek', '2019-12-02', NULL, 'img-default.jpg', 'cover-default.jpg', '2019-12-02 14:02:56', NULL, '2019-12-02 14:02:56', '2019-12-02 14:02:56'),
(48, 'Lysanne Mohr', '$2y$10$92IXUNpkjO0rOQ5byMi.Ye4oKoEa3Ro9llC/.og/at2.uheWG/igi', 'Prof. Liliana Hammes III', '2019-12-02', NULL, 'img-default.jpg', 'cover-default.jpg', '2019-12-02 14:02:56', NULL, '2019-12-02 14:02:56', '2019-12-02 14:02:56'),
(49, 'Miss Fiona Harvey', '$2y$10$92IXUNpkjO0rOQ5byMi.Ye4oKoEa3Ro9llC/.og/at2.uheWG/igi', 'Harvey Walker', '2019-12-02', NULL, 'img-default.jpg', 'cover-default.jpg', '2019-12-02 14:02:56', NULL, '2019-12-02 14:02:56', '2019-12-02 14:02:56'),
(50, 'Sedrick Littel', '$2y$10$92IXUNpkjO0rOQ5byMi.Ye4oKoEa3Ro9llC/.og/at2.uheWG/igi', 'Prof. Lucius Schmidt', '2019-12-02', NULL, 'img-default.jpg', 'cover-default.jpg', '2019-12-02 14:02:56', NULL, '2019-12-02 14:02:56', '2019-12-02 14:02:56'),
(51, 'Prof. Christopher Beatty', '$2y$10$92IXUNpkjO0rOQ5byMi.Ye4oKoEa3Ro9llC/.og/at2.uheWG/igi', 'Mrs. Blanche Gusikowski III', '2019-12-02', NULL, 'img-default.jpg', 'cover-default.jpg', '2019-12-02 14:02:56', NULL, '2019-12-02 14:02:56', '2019-12-02 14:02:56'),
(52, 'Austin Ryan', '$2y$10$92IXUNpkjO0rOQ5byMi.Ye4oKoEa3Ro9llC/.og/at2.uheWG/igi', 'Ruby Trantow', '2019-12-02', NULL, 'img-default.jpg', 'cover-default.jpg', '2019-12-02 14:02:56', NULL, '2019-12-02 14:02:56', '2019-12-02 14:02:56'),
(53, 'Annamarie Wintheiser', '$2y$10$92IXUNpkjO0rOQ5byMi.Ye4oKoEa3Ro9llC/.og/at2.uheWG/igi', 'Prof. Stanford Schinner Jr.', '2019-12-02', NULL, 'img-default.jpg', 'cover-default.jpg', '2019-12-02 14:02:56', NULL, '2019-12-02 14:02:56', '2019-12-02 14:02:56'),
(54, 'Daija Ankunding', '$2y$10$92IXUNpkjO0rOQ5byMi.Ye4oKoEa3Ro9llC/.og/at2.uheWG/igi', 'Thurman Champlin', '2019-12-02', NULL, 'img-default.jpg', 'cover-default.jpg', '2019-12-02 14:02:56', NULL, '2019-12-02 14:02:56', '2019-12-02 14:02:56'),
(55, 'Giuseppe Metz', '$2y$10$92IXUNpkjO0rOQ5byMi.Ye4oKoEa3Ro9llC/.og/at2.uheWG/igi', 'Princess Hilpert', '2019-12-02', NULL, 'img-default.jpg', 'cover-default.jpg', '2019-12-02 14:02:56', NULL, '2019-12-02 14:02:56', '2019-12-02 14:02:56'),
(56, 'Prof. Jaclyn Greenfelder I', '$2y$10$92IXUNpkjO0rOQ5byMi.Ye4oKoEa3Ro9llC/.og/at2.uheWG/igi', 'Ward Robel', '2019-12-02', NULL, 'img-default.jpg', 'cover-default.jpg', '2019-12-02 14:02:56', NULL, '2019-12-02 14:02:56', '2019-12-02 14:02:56'),
(57, 'Kay Hartmann', '$2y$10$92IXUNpkjO0rOQ5byMi.Ye4oKoEa3Ro9llC/.og/at2.uheWG/igi', 'Ada Trantow V', '2019-12-02', NULL, 'img-default.jpg', 'cover-default.jpg', '2019-12-02 14:02:56', NULL, '2019-12-02 14:02:56', '2019-12-02 14:02:56'),
(58, 'Jessie Koelpin', '$2y$10$92IXUNpkjO0rOQ5byMi.Ye4oKoEa3Ro9llC/.og/at2.uheWG/igi', 'Estrella Jaskolski', '2019-12-02', NULL, 'img-default.jpg', 'cover-default.jpg', '2019-12-02 14:02:56', NULL, '2019-12-02 14:02:56', '2019-12-02 14:02:56'),
(59, 'Norene Hickle', '$2y$10$92IXUNpkjO0rOQ5byMi.Ye4oKoEa3Ro9llC/.og/at2.uheWG/igi', 'Gerhard Harris IV', '2019-12-02', NULL, 'img-default.jpg', 'cover-default.jpg', '2019-12-02 14:02:56', NULL, '2019-12-02 14:02:56', '2019-12-02 14:02:56'),
(60, 'Juliet Cassin Jr.', '$2y$10$92IXUNpkjO0rOQ5byMi.Ye4oKoEa3Ro9llC/.og/at2.uheWG/igi', 'Prof. Meagan Emmerich Sr.', '2019-12-02', NULL, 'img-default.jpg', 'cover-default.jpg', '2019-12-02 14:02:56', NULL, '2019-12-02 14:02:56', '2019-12-02 14:02:56'),
(61, 'Dr. Eleazar Kuhic', '$2y$10$92IXUNpkjO0rOQ5byMi.Ye4oKoEa3Ro9llC/.og/at2.uheWG/igi', 'Nyah Hill', '2019-12-02', NULL, 'img-default.jpg', 'cover-default.jpg', '2019-12-02 14:02:56', NULL, '2019-12-02 14:02:56', '2019-12-02 14:02:56'),
(62, 'Mrs. Victoria Weimann V', '$2y$10$92IXUNpkjO0rOQ5byMi.Ye4oKoEa3Ro9llC/.og/at2.uheWG/igi', 'Domenic Bosco', '2019-12-02', NULL, 'img-default.jpg', 'cover-default.jpg', '2019-12-02 14:02:56', NULL, '2019-12-02 14:02:56', '2019-12-02 14:02:56'),
(63, 'Carrie Lockman II', '$2y$10$92IXUNpkjO0rOQ5byMi.Ye4oKoEa3Ro9llC/.og/at2.uheWG/igi', 'Cleta Olson', '2019-12-02', NULL, 'img-default.jpg', 'cover-default.jpg', '2019-12-02 14:02:56', NULL, '2019-12-02 14:02:56', '2019-12-02 14:02:56'),
(64, 'Eino Doyle', '$2y$10$92IXUNpkjO0rOQ5byMi.Ye4oKoEa3Ro9llC/.og/at2.uheWG/igi', 'Prof. Modesto Renner', '2019-12-02', NULL, 'img-default.jpg', 'cover-default.jpg', '2019-12-02 14:02:56', NULL, '2019-12-02 14:02:56', '2019-12-02 14:02:56'),
(65, 'Ms. Peggie Schmeler', '$2y$10$92IXUNpkjO0rOQ5byMi.Ye4oKoEa3Ro9llC/.og/at2.uheWG/igi', 'Tina Quigley', '2019-12-02', NULL, 'img-default.jpg', 'cover-default.jpg', '2019-12-02 14:02:56', NULL, '2019-12-02 14:02:56', '2019-12-02 14:02:56'),
(66, 'Owen Ullrich', '$2y$10$92IXUNpkjO0rOQ5byMi.Ye4oKoEa3Ro9llC/.og/at2.uheWG/igi', 'Jamil Jacobson', '2019-12-02', NULL, 'img-default.jpg', 'cover-default.jpg', '2019-12-02 14:02:56', NULL, '2019-12-02 14:02:56', '2019-12-02 14:02:56'),
(67, 'Hadley Little', '$2y$10$92IXUNpkjO0rOQ5byMi.Ye4oKoEa3Ro9llC/.og/at2.uheWG/igi', 'Prof. Chet Shanahan DDS', '2019-12-02', NULL, 'img-default.jpg', 'cover-default.jpg', '2019-12-02 14:02:56', NULL, '2019-12-02 14:02:56', '2019-12-02 14:02:56'),
(68, 'Elna Bayer', '$2y$10$92IXUNpkjO0rOQ5byMi.Ye4oKoEa3Ro9llC/.og/at2.uheWG/igi', 'Dr. Fermin Koelpin', '2019-12-02', NULL, 'img-default.jpg', 'cover-default.jpg', '2019-12-02 14:02:56', NULL, '2019-12-02 14:02:56', '2019-12-02 14:02:56'),
(69, 'Patience Aufderhar', '$2y$10$92IXUNpkjO0rOQ5byMi.Ye4oKoEa3Ro9llC/.og/at2.uheWG/igi', 'Claude Kuhlman', '2019-12-02', NULL, 'img-default.jpg', 'cover-default.jpg', '2019-12-02 14:02:56', NULL, '2019-12-02 14:02:56', '2019-12-02 14:02:56'),
(70, 'Ahmed Hickle', '$2y$10$92IXUNpkjO0rOQ5byMi.Ye4oKoEa3Ro9llC/.og/at2.uheWG/igi', 'Carey Bergnaum', '2019-12-02', NULL, 'img-default.jpg', 'cover-default.jpg', '2019-12-02 14:02:56', NULL, '2019-12-02 14:02:56', '2019-12-02 14:02:56'),
(71, 'Dr. Korey Dare V', '$2y$10$92IXUNpkjO0rOQ5byMi.Ye4oKoEa3Ro9llC/.og/at2.uheWG/igi', 'Verona Wiegand', '2019-12-02', NULL, 'img-default.jpg', 'cover-default.jpg', '2019-12-02 14:02:56', NULL, '2019-12-02 14:02:56', '2019-12-02 14:02:56'),
(72, 'Guillermo Blick', '$2y$10$92IXUNpkjO0rOQ5byMi.Ye4oKoEa3Ro9llC/.og/at2.uheWG/igi', 'Ms. Lura Hansen', '2019-12-02', NULL, 'img-default.jpg', 'cover-default.jpg', '2019-12-02 14:02:56', NULL, '2019-12-02 14:02:56', '2019-12-02 14:02:56'),
(73, 'Natasha Emard', '$2y$10$92IXUNpkjO0rOQ5byMi.Ye4oKoEa3Ro9llC/.og/at2.uheWG/igi', 'Isadore DuBuque', '2019-12-02', NULL, 'img-default.jpg', 'cover-default.jpg', '2019-12-02 14:02:56', NULL, '2019-12-02 14:02:56', '2019-12-02 14:02:56'),
(74, 'Prof. Collin Russel DDS', '$2y$10$92IXUNpkjO0rOQ5byMi.Ye4oKoEa3Ro9llC/.og/at2.uheWG/igi', 'Werner Osinski DVM', '2019-12-02', NULL, 'img-default.jpg', 'cover-default.jpg', '2019-12-02 14:02:56', NULL, '2019-12-02 14:02:56', '2019-12-02 14:02:56'),
(75, 'Prof. Dillan Hegmann', '$2y$10$92IXUNpkjO0rOQ5byMi.Ye4oKoEa3Ro9llC/.og/at2.uheWG/igi', 'Mrs. Charlotte Stracke', '2019-12-02', NULL, 'img-default.jpg', 'cover-default.jpg', '2019-12-02 14:02:56', NULL, '2019-12-02 14:02:56', '2019-12-02 14:02:56'),
(76, 'Mrs. Destiney Grant PhD', '$2y$10$92IXUNpkjO0rOQ5byMi.Ye4oKoEa3Ro9llC/.og/at2.uheWG/igi', 'Carolanne Marquardt DVM', '2019-12-02', NULL, 'img-default.jpg', 'cover-default.jpg', '2019-12-02 14:02:56', NULL, '2019-12-02 14:02:56', '2019-12-02 14:02:56'),
(77, 'Celine Dibbert', '$2y$10$92IXUNpkjO0rOQ5byMi.Ye4oKoEa3Ro9llC/.og/at2.uheWG/igi', 'Dandre Schuppe', '2019-12-02', NULL, 'img-default.jpg', 'cover-default.jpg', '2019-12-02 14:02:56', NULL, '2019-12-02 14:02:56', '2019-12-02 14:02:56'),
(78, 'Doug Jaskolski', '$2y$10$92IXUNpkjO0rOQ5byMi.Ye4oKoEa3Ro9llC/.og/at2.uheWG/igi', 'Dr. Cierra Cummings', '2019-12-02', NULL, 'img-default.jpg', 'cover-default.jpg', '2019-12-02 14:02:56', NULL, '2019-12-02 14:02:56', '2019-12-02 14:02:56'),
(79, 'Simeon Sawayn III', '$2y$10$92IXUNpkjO0rOQ5byMi.Ye4oKoEa3Ro9llC/.og/at2.uheWG/igi', 'Wendy DuBuque III', '2019-12-02', NULL, 'img-default.jpg', 'cover-default.jpg', '2019-12-02 14:02:56', NULL, '2019-12-02 14:02:56', '2019-12-02 14:02:56'),
(80, 'Brennon Krajcik DDS', '$2y$10$92IXUNpkjO0rOQ5byMi.Ye4oKoEa3Ro9llC/.og/at2.uheWG/igi', 'Dereck Gottlieb', '2019-12-02', NULL, 'img-default.jpg', 'cover-default.jpg', '2019-12-02 14:02:56', NULL, '2019-12-02 14:02:56', '2019-12-02 14:02:56'),
(81, 'Crystal Cummings', '$2y$10$92IXUNpkjO0rOQ5byMi.Ye4oKoEa3Ro9llC/.og/at2.uheWG/igi', 'Paris Goyette', '2019-12-02', NULL, 'img-default.jpg', 'cover-default.jpg', '2019-12-02 14:02:56', NULL, '2019-12-02 14:02:56', '2019-12-02 14:02:56'),
(82, 'Prof. Maye Fritsch', '$2y$10$92IXUNpkjO0rOQ5byMi.Ye4oKoEa3Ro9llC/.og/at2.uheWG/igi', 'Shyanne Bergnaum', '2019-12-02', NULL, 'img-default.jpg', 'cover-default.jpg', '2019-12-02 14:02:56', NULL, '2019-12-02 14:02:56', '2019-12-02 14:02:56'),
(83, 'Elbert Ratke', '$2y$10$92IXUNpkjO0rOQ5byMi.Ye4oKoEa3Ro9llC/.og/at2.uheWG/igi', 'Liza Jakubowski', '2019-12-02', NULL, 'img-default.jpg', 'cover-default.jpg', '2019-12-02 14:02:56', NULL, '2019-12-02 14:02:56', '2019-12-02 14:02:56'),
(84, 'Myrna Hahn MD', '$2y$10$92IXUNpkjO0rOQ5byMi.Ye4oKoEa3Ro9llC/.og/at2.uheWG/igi', 'Amari Lebsack', '2019-12-02', NULL, 'img-default.jpg', 'cover-default.jpg', '2019-12-02 14:02:56', NULL, '2019-12-02 14:02:56', '2019-12-02 14:02:56'),
(85, 'Paul Schuster', '$2y$10$92IXUNpkjO0rOQ5byMi.Ye4oKoEa3Ro9llC/.og/at2.uheWG/igi', 'Mrs. Clare Walsh', '2019-12-02', NULL, 'img-default.jpg', 'cover-default.jpg', '2019-12-02 14:02:56', NULL, '2019-12-02 14:02:56', '2019-12-02 14:02:56'),
(86, 'Cole Kshlerin', '$2y$10$92IXUNpkjO0rOQ5byMi.Ye4oKoEa3Ro9llC/.og/at2.uheWG/igi', 'Dr. Mike Hickle', '2019-12-02', NULL, 'img-default.jpg', 'cover-default.jpg', '2019-12-02 14:02:56', NULL, '2019-12-02 14:02:56', '2019-12-02 14:02:56'),
(87, 'Ms. Theresia Corwin', '$2y$10$92IXUNpkjO0rOQ5byMi.Ye4oKoEa3Ro9llC/.og/at2.uheWG/igi', 'Prof. Anika Smith', '2019-12-02', NULL, 'img-default.jpg', 'cover-default.jpg', '2019-12-02 14:02:56', NULL, '2019-12-02 14:02:56', '2019-12-02 14:02:56'),
(88, 'Fausto Hamill', '$2y$10$92IXUNpkjO0rOQ5byMi.Ye4oKoEa3Ro9llC/.og/at2.uheWG/igi', 'Ms. Leonor Fadel', '2019-12-02', NULL, 'img-default.jpg', 'cover-default.jpg', '2019-12-02 14:02:56', NULL, '2019-12-02 14:02:56', '2019-12-02 14:02:56'),
(89, 'Shanny Block', '$2y$10$92IXUNpkjO0rOQ5byMi.Ye4oKoEa3Ro9llC/.og/at2.uheWG/igi', 'Dr. Tillman Simonis I', '2019-12-02', NULL, 'img-default.jpg', 'cover-default.jpg', '2019-12-02 14:02:56', NULL, '2019-12-02 14:02:56', '2019-12-02 14:02:56'),
(90, 'Dereck Purdy', '$2y$10$92IXUNpkjO0rOQ5byMi.Ye4oKoEa3Ro9llC/.og/at2.uheWG/igi', 'Dalton Kuphal', '2019-12-02', NULL, 'img-default.jpg', 'cover-default.jpg', '2019-12-02 14:02:56', NULL, '2019-12-02 14:02:56', '2019-12-02 14:02:56'),
(91, 'Jarod Christiansen III', '$2y$10$92IXUNpkjO0rOQ5byMi.Ye4oKoEa3Ro9llC/.og/at2.uheWG/igi', 'Imani Welch', '2019-12-02', NULL, 'img-default.jpg', 'cover-default.jpg', '2019-12-02 14:02:56', NULL, '2019-12-02 14:02:56', '2019-12-02 14:02:56'),
(92, 'Else Swift Sr.', '$2y$10$92IXUNpkjO0rOQ5byMi.Ye4oKoEa3Ro9llC/.og/at2.uheWG/igi', 'Mr. Scottie Kuhlman III', '2019-12-02', NULL, 'img-default.jpg', 'cover-default.jpg', '2019-12-02 14:02:56', NULL, '2019-12-02 14:02:56', '2019-12-02 14:02:56'),
(93, 'Dr. Joannie Koch', '$2y$10$92IXUNpkjO0rOQ5byMi.Ye4oKoEa3Ro9llC/.og/at2.uheWG/igi', 'Dorthy Abshire MD', '2019-12-02', NULL, 'img-default.jpg', 'cover-default.jpg', '2019-12-02 14:02:56', NULL, '2019-12-02 14:02:56', '2019-12-02 14:02:56'),
(94, 'Ross Hessel', '$2y$10$92IXUNpkjO0rOQ5byMi.Ye4oKoEa3Ro9llC/.og/at2.uheWG/igi', 'Marcelino Ortiz', '2019-12-02', NULL, 'img-default.jpg', 'cover-default.jpg', '2019-12-02 14:02:56', NULL, '2019-12-02 14:02:56', '2019-12-02 14:02:56'),
(95, 'Warren Hegmann', '$2y$10$92IXUNpkjO0rOQ5byMi.Ye4oKoEa3Ro9llC/.og/at2.uheWG/igi', 'Prof. Jonatan Yost', '2019-12-02', NULL, 'img-default.jpg', 'cover-default.jpg', '2019-12-02 14:02:56', NULL, '2019-12-02 14:02:56', '2019-12-02 14:02:56'),
(96, 'Johnathan Hyatt II', '$2y$10$92IXUNpkjO0rOQ5byMi.Ye4oKoEa3Ro9llC/.og/at2.uheWG/igi', 'Dr. Dayne Mann', '2019-12-02', NULL, 'img-default.jpg', 'cover-default.jpg', '2019-12-02 14:02:56', NULL, '2019-12-02 14:02:56', '2019-12-02 14:02:56'),
(97, 'Kathryne Jacobson', '$2y$10$92IXUNpkjO0rOQ5byMi.Ye4oKoEa3Ro9llC/.og/at2.uheWG/igi', 'Eldred Stiedemann V', '2019-12-02', NULL, 'img-default.jpg', 'cover-default.jpg', '2019-12-02 14:02:56', NULL, '2019-12-02 14:02:56', '2019-12-02 14:02:56'),
(98, 'Toby Deckow', '$2y$10$92IXUNpkjO0rOQ5byMi.Ye4oKoEa3Ro9llC/.og/at2.uheWG/igi', 'Mr. Ronny Schulist', '2019-12-02', NULL, 'img-default.jpg', 'cover-default.jpg', '2019-12-02 14:02:56', NULL, '2019-12-02 14:02:56', '2019-12-02 14:02:56'),
(99, 'Johnny Muller', '$2y$10$92IXUNpkjO0rOQ5byMi.Ye4oKoEa3Ro9llC/.og/at2.uheWG/igi', 'Dell Legros', '2019-12-02', NULL, 'img-default.jpg', 'cover-default.jpg', '2019-12-02 14:02:56', NULL, '2019-12-02 14:02:56', '2019-12-02 14:02:56'),
(100, 'Madyson O\'Hara', '$2y$10$92IXUNpkjO0rOQ5byMi.Ye4oKoEa3Ro9llC/.og/at2.uheWG/igi', 'Jada O\'Kon', '2019-12-02', NULL, 'img-default.jpg', 'cover-default.jpg', '2019-12-02 14:02:56', NULL, '2019-12-02 14:02:56', '2019-12-02 14:02:56'),
(101, 'Brant Berge', '$2y$10$92IXUNpkjO0rOQ5byMi.Ye4oKoEa3Ro9llC/.og/at2.uheWG/igi', 'Alaina Nolan', '2019-12-02', NULL, 'img-default.jpg', 'cover-default.jpg', '2019-12-02 14:02:56', NULL, '2019-12-02 14:02:56', '2019-12-02 14:02:56'),
(102, 'Prof. Yesenia Carter Jr.', '$2y$10$92IXUNpkjO0rOQ5byMi.Ye4oKoEa3Ro9llC/.og/at2.uheWG/igi', 'Mr. Alexandro Beier', '2019-12-02', NULL, 'img-default.jpg', 'cover-default.jpg', '2019-12-02 14:02:56', NULL, '2019-12-02 14:02:56', '2019-12-02 14:02:56'),
(103, 'Seth Reynolds', '$2y$10$92IXUNpkjO0rOQ5byMi.Ye4oKoEa3Ro9llC/.og/at2.uheWG/igi', 'Miss Fay Robel', '2019-12-02', NULL, 'img-default.jpg', 'cover-default.jpg', '2019-12-02 14:02:56', NULL, '2019-12-02 14:02:56', '2019-12-02 14:02:56'),
(104, 'Orlando Beatty', '$2y$10$92IXUNpkjO0rOQ5byMi.Ye4oKoEa3Ro9llC/.og/at2.uheWG/igi', 'Prof. Dave Gottlieb', '2019-12-02', NULL, 'img-default.jpg', 'cover-default.jpg', '2019-12-02 14:02:56', NULL, '2019-12-02 14:02:56', '2019-12-02 14:02:56'),
(105, 'Cindy Goyette MD', '$2y$10$92IXUNpkjO0rOQ5byMi.Ye4oKoEa3Ro9llC/.og/at2.uheWG/igi', 'Verner Prohaska', '2019-12-02', NULL, 'img-default.jpg', 'cover-default.jpg', '2019-12-02 14:02:56', NULL, '2019-12-02 14:02:56', '2019-12-02 14:02:56'),
(106, 'Dahlia Bradtke', '$2y$10$92IXUNpkjO0rOQ5byMi.Ye4oKoEa3Ro9llC/.og/at2.uheWG/igi', 'Ubaldo Welch', '2019-12-02', NULL, 'img-default.jpg', 'cover-default.jpg', '2019-12-02 14:02:56', NULL, '2019-12-02 14:02:56', '2019-12-02 14:02:56'),
(107, 'Jaylin Renner', '$2y$10$92IXUNpkjO0rOQ5byMi.Ye4oKoEa3Ro9llC/.og/at2.uheWG/igi', 'Dr. Pedro Hackett II', '2019-12-02', NULL, 'img-default.jpg', 'cover-default.jpg', '2019-12-02 14:02:56', NULL, '2019-12-02 14:02:56', '2019-12-02 14:02:56'),
(108, 'Lambert Rath', '$2y$10$92IXUNpkjO0rOQ5byMi.Ye4oKoEa3Ro9llC/.og/at2.uheWG/igi', 'Alvina Runolfsson', '2019-12-02', NULL, 'img-default.jpg', 'cover-default.jpg', '2019-12-02 14:02:56', NULL, '2019-12-02 14:02:56', '2019-12-02 14:02:56'),
(109, 'Dr. Bartholome Prosacco IV', '$2y$10$92IXUNpkjO0rOQ5byMi.Ye4oKoEa3Ro9llC/.og/at2.uheWG/igi', 'Abdullah Kertzmann', '2019-12-02', NULL, 'img-default.jpg', 'cover-default.jpg', '2019-12-02 14:02:56', NULL, '2019-12-02 14:02:56', '2019-12-02 14:02:56'),
(110, 'Kiana McDermott', '$2y$10$92IXUNpkjO0rOQ5byMi.Ye4oKoEa3Ro9llC/.og/at2.uheWG/igi', 'Hester Krajcik', '2019-12-02', NULL, 'img-default.jpg', 'cover-default.jpg', '2019-12-02 14:02:56', NULL, '2019-12-02 14:02:56', '2019-12-02 14:02:56'),
(111, 'Rafaela Will', '$2y$10$92IXUNpkjO0rOQ5byMi.Ye4oKoEa3Ro9llC/.og/at2.uheWG/igi', 'Mrs. Georgianna Greenfelder I', '2019-12-02', NULL, 'img-default.jpg', 'cover-default.jpg', '2019-12-02 14:02:56', NULL, '2019-12-02 14:02:56', '2019-12-02 14:02:56'),
(112, 'Ms. Marianna Schinner', '$2y$10$92IXUNpkjO0rOQ5byMi.Ye4oKoEa3Ro9llC/.og/at2.uheWG/igi', 'Kassandra Powlowski', '2019-12-02', NULL, 'img-default.jpg', 'cover-default.jpg', '2019-12-02 14:02:56', NULL, '2019-12-02 14:02:56', '2019-12-02 14:02:56'),
(113, 'Aylin Bahringer', '$2y$10$92IXUNpkjO0rOQ5byMi.Ye4oKoEa3Ro9llC/.og/at2.uheWG/igi', 'Dayana Stehr', '2019-12-02', NULL, 'img-default.jpg', 'cover-default.jpg', '2019-12-02 14:02:56', NULL, '2019-12-02 14:02:56', '2019-12-02 14:02:56'),
(114, 'Israel Lehner', '$2y$10$92IXUNpkjO0rOQ5byMi.Ye4oKoEa3Ro9llC/.og/at2.uheWG/igi', 'Alana Brekke', '2019-12-02', NULL, 'img-default.jpg', 'cover-default.jpg', '2019-12-02 14:02:56', NULL, '2019-12-02 14:02:56', '2019-12-02 14:02:56'),
(115, 'Bennett Donnelly', '$2y$10$92IXUNpkjO0rOQ5byMi.Ye4oKoEa3Ro9llC/.og/at2.uheWG/igi', 'Howard Botsford', '2019-12-02', NULL, 'img-default.jpg', 'cover-default.jpg', '2019-12-02 14:02:56', NULL, '2019-12-02 14:02:56', '2019-12-02 14:02:56'),
(116, 'Emmalee Lemke DVM', '$2y$10$92IXUNpkjO0rOQ5byMi.Ye4oKoEa3Ro9llC/.og/at2.uheWG/igi', 'Miss Christy Ernser MD', '2019-12-02', NULL, 'img-default.jpg', 'cover-default.jpg', '2019-12-02 14:02:56', NULL, '2019-12-02 14:02:56', '2019-12-02 14:02:56'),
(117, 'Casimir Heller', '$2y$10$92IXUNpkjO0rOQ5byMi.Ye4oKoEa3Ro9llC/.og/at2.uheWG/igi', 'Lily Altenwerth', '2019-12-02', NULL, 'img-default.jpg', 'cover-default.jpg', '2019-12-02 14:02:56', NULL, '2019-12-02 14:02:56', '2019-12-02 14:02:56'),
(118, 'Miss Julie Murphy I', '$2y$10$92IXUNpkjO0rOQ5byMi.Ye4oKoEa3Ro9llC/.og/at2.uheWG/igi', 'Abelardo Dare', '2019-12-02', NULL, 'img-default.jpg', 'cover-default.jpg', '2019-12-02 14:02:56', NULL, '2019-12-02 14:02:56', '2019-12-02 14:02:56'),
(119, 'Bianka Vandervort', '$2y$10$92IXUNpkjO0rOQ5byMi.Ye4oKoEa3Ro9llC/.og/at2.uheWG/igi', 'Triston Torp', '2019-12-02', NULL, 'img-default.jpg', 'cover-default.jpg', '2019-12-02 14:02:56', NULL, '2019-12-02 14:02:56', '2019-12-02 14:02:56'),
(120, 'Adaline Reichert DDS', '$2y$10$92IXUNpkjO0rOQ5byMi.Ye4oKoEa3Ro9llC/.og/at2.uheWG/igi', 'Aubrey Heller', '2019-12-02', NULL, 'img-default.jpg', 'cover-default.jpg', '2019-12-02 14:02:56', NULL, '2019-12-02 14:02:56', '2019-12-02 14:02:56'),
(121, 'Lonzo Nienow Jr.', '$2y$10$92IXUNpkjO0rOQ5byMi.Ye4oKoEa3Ro9llC/.og/at2.uheWG/igi', 'Alysha Frami', '2019-12-02', NULL, 'img-default.jpg', 'cover-default.jpg', '2019-12-02 14:02:56', NULL, '2019-12-02 14:02:56', '2019-12-02 14:02:56'),
(122, 'Susanna Hirthe I', '$2y$10$92IXUNpkjO0rOQ5byMi.Ye4oKoEa3Ro9llC/.og/at2.uheWG/igi', 'Edward Corwin', '2019-12-02', NULL, 'img-default.jpg', 'cover-default.jpg', '2019-12-02 14:02:56', NULL, '2019-12-02 14:02:56', '2019-12-02 14:02:56'),
(123, 'Sanford Labadie', '$2y$10$92IXUNpkjO0rOQ5byMi.Ye4oKoEa3Ro9llC/.og/at2.uheWG/igi', 'Esperanza Rippin', '2019-12-02', NULL, 'img-default.jpg', 'cover-default.jpg', '2019-12-02 14:02:56', NULL, '2019-12-02 14:02:56', '2019-12-02 14:02:56'),
(124, 'Dr. Tyrell Weber III', '$2y$10$92IXUNpkjO0rOQ5byMi.Ye4oKoEa3Ro9llC/.og/at2.uheWG/igi', 'Coby Wolf', '2019-12-02', NULL, 'img-default.jpg', 'cover-default.jpg', '2019-12-02 14:02:56', NULL, '2019-12-02 14:02:56', '2019-12-02 14:02:56'),
(125, 'Marcel Gottlieb III', '$2y$10$92IXUNpkjO0rOQ5byMi.Ye4oKoEa3Ro9llC/.og/at2.uheWG/igi', 'Vivianne Crooks DDS', '2019-12-02', NULL, 'img-default.jpg', 'cover-default.jpg', '2019-12-02 14:02:56', NULL, '2019-12-02 14:02:56', '2019-12-02 14:02:56'),
(126, 'Prof. Allison Prosacco', '$2y$10$92IXUNpkjO0rOQ5byMi.Ye4oKoEa3Ro9llC/.og/at2.uheWG/igi', 'Karine Jones', '2019-12-02', NULL, 'img-default.jpg', 'cover-default.jpg', '2019-12-02 14:02:56', NULL, '2019-12-02 14:02:56', '2019-12-02 14:02:56'),
(127, 'Lillie Prohaska', '$2y$10$92IXUNpkjO0rOQ5byMi.Ye4oKoEa3Ro9llC/.og/at2.uheWG/igi', 'Daisha Mills', '2019-12-02', NULL, 'img-default.jpg', 'cover-default.jpg', '2019-12-02 14:02:56', NULL, '2019-12-02 14:02:56', '2019-12-02 14:02:56'),
(128, 'Prof. Ricardo Koss Sr.', '$2y$10$92IXUNpkjO0rOQ5byMi.Ye4oKoEa3Ro9llC/.og/at2.uheWG/igi', 'Giles Hammes DVM', '2019-12-02', NULL, 'img-default.jpg', 'cover-default.jpg', '2019-12-02 14:02:56', NULL, '2019-12-02 14:02:56', '2019-12-02 14:02:56'),
(129, 'Louisa Kozey', '$2y$10$92IXUNpkjO0rOQ5byMi.Ye4oKoEa3Ro9llC/.og/at2.uheWG/igi', 'Prof. Madelyn Murazik DDS', '2019-12-02', NULL, 'img-default.jpg', 'cover-default.jpg', '2019-12-02 14:02:56', NULL, '2019-12-02 14:02:56', '2019-12-02 14:02:56'),
(130, 'Lukas Goyette IV', '$2y$10$92IXUNpkjO0rOQ5byMi.Ye4oKoEa3Ro9llC/.og/at2.uheWG/igi', 'Leann Fisher', '2019-12-02', NULL, 'img-default.jpg', 'cover-default.jpg', '2019-12-02 14:02:56', NULL, '2019-12-02 14:02:56', '2019-12-02 14:02:56'),
(131, 'Keshawn Dooley', '$2y$10$92IXUNpkjO0rOQ5byMi.Ye4oKoEa3Ro9llC/.og/at2.uheWG/igi', 'Mr. Arnoldo Langworth', '2019-12-02', NULL, 'img-default.jpg', 'cover-default.jpg', '2019-12-02 14:02:56', NULL, '2019-12-02 14:02:56', '2019-12-02 14:02:56'),
(132, 'Elena Parker I', '$2y$10$92IXUNpkjO0rOQ5byMi.Ye4oKoEa3Ro9llC/.og/at2.uheWG/igi', 'Virgie Tillman IV', '2019-12-02', NULL, 'img-default.jpg', 'cover-default.jpg', '2019-12-02 14:02:56', NULL, '2019-12-02 14:02:56', '2019-12-02 14:02:56'),
(133, 'Guy Predovic', '$2y$10$92IXUNpkjO0rOQ5byMi.Ye4oKoEa3Ro9llC/.og/at2.uheWG/igi', 'Lilliana Gaylord DVM', '2019-12-02', NULL, 'img-default.jpg', 'cover-default.jpg', '2019-12-02 14:02:56', NULL, '2019-12-02 14:02:56', '2019-12-02 14:02:56'),
(134, 'Dr. Albina Kunde', '$2y$10$92IXUNpkjO0rOQ5byMi.Ye4oKoEa3Ro9llC/.og/at2.uheWG/igi', 'Bryce Predovic', '2019-12-02', NULL, 'img-default.jpg', 'cover-default.jpg', '2019-12-02 14:02:56', NULL, '2019-12-02 14:02:56', '2019-12-02 14:02:56'),
(135, 'Amiya Padberg', '$2y$10$92IXUNpkjO0rOQ5byMi.Ye4oKoEa3Ro9llC/.og/at2.uheWG/igi', 'Lincoln Baumbach', '2019-12-02', NULL, 'img-default.jpg', 'cover-default.jpg', '2019-12-02 14:02:56', NULL, '2019-12-02 14:02:56', '2019-12-02 14:02:56'),
(136, 'Shanie Hirthe III', '$2y$10$92IXUNpkjO0rOQ5byMi.Ye4oKoEa3Ro9llC/.og/at2.uheWG/igi', 'Reid Olson MD', '2019-12-02', NULL, 'img-default.jpg', 'cover-default.jpg', '2019-12-02 14:02:56', NULL, '2019-12-02 14:02:57', '2019-12-02 14:02:57'),
(137, 'Dr. Quincy Stoltenberg DVM', '$2y$10$92IXUNpkjO0rOQ5byMi.Ye4oKoEa3Ro9llC/.og/at2.uheWG/igi', 'Maida Weissnat', '2019-12-02', NULL, 'img-default.jpg', 'cover-default.jpg', '2019-12-02 14:02:56', NULL, '2019-12-02 14:02:57', '2019-12-02 14:02:57'),
(138, 'Dr. Syble Jacobson Jr.', '$2y$10$92IXUNpkjO0rOQ5byMi.Ye4oKoEa3Ro9llC/.og/at2.uheWG/igi', 'Austin Predovic', '2019-12-02', NULL, 'img-default.jpg', 'cover-default.jpg', '2019-12-02 14:02:56', NULL, '2019-12-02 14:02:57', '2019-12-02 14:02:57'),
(139, 'Prof. Kenneth Block Sr.', '$2y$10$92IXUNpkjO0rOQ5byMi.Ye4oKoEa3Ro9llC/.og/at2.uheWG/igi', 'Miss Araceli Collins Sr.', '2019-12-02', NULL, 'img-default.jpg', 'cover-default.jpg', '2019-12-02 14:02:56', NULL, '2019-12-02 14:02:57', '2019-12-02 14:02:57'),
(140, 'Domingo Grady Jr.', '$2y$10$92IXUNpkjO0rOQ5byMi.Ye4oKoEa3Ro9llC/.og/at2.uheWG/igi', 'Miss Isabell Reinger MD', '2019-12-02', NULL, 'img-default.jpg', 'cover-default.jpg', '2019-12-02 14:02:56', NULL, '2019-12-02 14:02:57', '2019-12-02 14:02:57'),
(141, 'Miss Shayna Dach', '$2y$10$92IXUNpkjO0rOQ5byMi.Ye4oKoEa3Ro9llC/.og/at2.uheWG/igi', 'Kayley Ryan', '2019-12-02', NULL, 'img-default.jpg', 'cover-default.jpg', '2019-12-02 14:02:56', NULL, '2019-12-02 14:02:57', '2019-12-02 14:02:57'),
(142, 'Ollie Reilly I', '$2y$10$92IXUNpkjO0rOQ5byMi.Ye4oKoEa3Ro9llC/.og/at2.uheWG/igi', 'Dr. Raymond Cummings', '2019-12-02', NULL, 'img-default.jpg', 'cover-default.jpg', '2019-12-02 14:02:56', NULL, '2019-12-02 14:02:57', '2019-12-02 14:02:57'),
(143, 'Prof. Mellie Tillman', '$2y$10$92IXUNpkjO0rOQ5byMi.Ye4oKoEa3Ro9llC/.og/at2.uheWG/igi', 'Isom Turner', '2019-12-02', NULL, 'img-default.jpg', 'cover-default.jpg', '2019-12-02 14:02:56', NULL, '2019-12-02 14:02:57', '2019-12-02 14:02:57'),
(144, 'Mrs. Lia Pacocha', '$2y$10$92IXUNpkjO0rOQ5byMi.Ye4oKoEa3Ro9llC/.og/at2.uheWG/igi', 'Randy Miller', '2019-12-02', NULL, 'img-default.jpg', 'cover-default.jpg', '2019-12-02 14:02:56', NULL, '2019-12-02 14:02:57', '2019-12-02 14:02:57'),
(145, 'Travis Mann', '$2y$10$92IXUNpkjO0rOQ5byMi.Ye4oKoEa3Ro9llC/.og/at2.uheWG/igi', 'Cielo Howe', '2019-12-02', NULL, 'img-default.jpg', 'cover-default.jpg', '2019-12-02 14:02:56', NULL, '2019-12-02 14:02:57', '2019-12-02 14:02:57'),
(146, 'Cyrus Hayes', '$2y$10$92IXUNpkjO0rOQ5byMi.Ye4oKoEa3Ro9llC/.og/at2.uheWG/igi', 'Magdalena Renner', '2019-12-02', NULL, 'img-default.jpg', 'cover-default.jpg', '2019-12-02 14:02:56', NULL, '2019-12-02 14:02:57', '2019-12-02 14:02:57'),
(147, 'Angeline Rogahn', '$2y$10$92IXUNpkjO0rOQ5byMi.Ye4oKoEa3Ro9llC/.og/at2.uheWG/igi', 'Dolores Bartoletti I', '2019-12-02', NULL, 'img-default.jpg', 'cover-default.jpg', '2019-12-02 14:02:56', NULL, '2019-12-02 14:02:57', '2019-12-02 14:02:57'),
(148, 'Dustin Howe', '$2y$10$92IXUNpkjO0rOQ5byMi.Ye4oKoEa3Ro9llC/.og/at2.uheWG/igi', 'Genoveva Kassulke', '2019-12-02', NULL, 'img-default.jpg', 'cover-default.jpg', '2019-12-02 14:02:56', NULL, '2019-12-02 14:02:57', '2019-12-02 14:02:57'),
(149, 'Lorine Little', '$2y$10$92IXUNpkjO0rOQ5byMi.Ye4oKoEa3Ro9llC/.og/at2.uheWG/igi', 'Imani Rempel', '2019-12-02', NULL, 'img-default.jpg', 'cover-default.jpg', '2019-12-02 14:02:56', NULL, '2019-12-02 14:02:57', '2019-12-02 14:02:57'),
(150, 'Marcelle Braun', '$2y$10$92IXUNpkjO0rOQ5byMi.Ye4oKoEa3Ro9llC/.og/at2.uheWG/igi', 'Jaylan Olson', '2019-12-02', NULL, 'img-default.jpg', 'cover-default.jpg', '2019-12-02 14:02:56', NULL, '2019-12-02 14:02:57', '2019-12-02 14:02:57'),
(151, 'Prof. Reba Johnston PhD', '$2y$10$92IXUNpkjO0rOQ5byMi.Ye4oKoEa3Ro9llC/.og/at2.uheWG/igi', 'Mr. Geovanny Dicki', '2019-12-02', NULL, 'img-default.jpg', 'cover-default.jpg', '2019-12-02 14:02:56', NULL, '2019-12-02 14:02:57', '2019-12-02 14:02:57'),
(152, 'Mr. Wilfrid O\'Kon', '$2y$10$92IXUNpkjO0rOQ5byMi.Ye4oKoEa3Ro9llC/.og/at2.uheWG/igi', 'Hilma Treutel', '2019-12-02', NULL, 'img-default.jpg', 'cover-default.jpg', '2019-12-02 14:02:56', NULL, '2019-12-02 14:02:57', '2019-12-02 14:02:57'),
(153, 'Otis Abbott', '$2y$10$92IXUNpkjO0rOQ5byMi.Ye4oKoEa3Ro9llC/.og/at2.uheWG/igi', 'Daryl Zemlak', '2019-12-02', NULL, 'img-default.jpg', 'cover-default.jpg', '2019-12-02 14:02:56', NULL, '2019-12-02 14:02:57', '2019-12-02 14:02:57'),
(154, 'Johnathon Bahringer', '$2y$10$92IXUNpkjO0rOQ5byMi.Ye4oKoEa3Ro9llC/.og/at2.uheWG/igi', 'Jordy Connelly', '2019-12-02', NULL, 'img-default.jpg', 'cover-default.jpg', '2019-12-02 14:02:56', NULL, '2019-12-02 14:02:57', '2019-12-02 14:02:57'),
(155, 'Mr. Gustave Kulas III', '$2y$10$92IXUNpkjO0rOQ5byMi.Ye4oKoEa3Ro9llC/.og/at2.uheWG/igi', 'Annamae Hansen', '2019-12-02', NULL, 'img-default.jpg', 'cover-default.jpg', '2019-12-02 14:02:56', NULL, '2019-12-02 14:02:57', '2019-12-02 14:02:57'),
(156, 'Waldo Erdman IV', '$2y$10$92IXUNpkjO0rOQ5byMi.Ye4oKoEa3Ro9llC/.og/at2.uheWG/igi', 'Salvatore Walsh', '2019-12-02', NULL, 'img-default.jpg', 'cover-default.jpg', '2019-12-02 14:02:56', NULL, '2019-12-02 14:02:57', '2019-12-02 14:02:57'),
(157, 'Mack Cummings', '$2y$10$92IXUNpkjO0rOQ5byMi.Ye4oKoEa3Ro9llC/.og/at2.uheWG/igi', 'Irma Bartell', '2019-12-02', NULL, 'img-default.jpg', 'cover-default.jpg', '2019-12-02 14:02:56', NULL, '2019-12-02 14:02:57', '2019-12-02 14:02:57'),
(158, 'Winona Sipes', '$2y$10$92IXUNpkjO0rOQ5byMi.Ye4oKoEa3Ro9llC/.og/at2.uheWG/igi', 'Laverne Marvin', '2019-12-02', NULL, 'img-default.jpg', 'cover-default.jpg', '2019-12-02 14:02:56', NULL, '2019-12-02 14:02:57', '2019-12-02 14:02:57'),
(159, 'Prof. Raina Altenwerth', '$2y$10$92IXUNpkjO0rOQ5byMi.Ye4oKoEa3Ro9llC/.og/at2.uheWG/igi', 'Carmen Erdman', '2019-12-02', NULL, 'img-default.jpg', 'cover-default.jpg', '2019-12-02 14:02:56', NULL, '2019-12-02 14:02:57', '2019-12-02 14:02:57'),
(160, 'Mrs. Jacinthe Spinka DVM', '$2y$10$92IXUNpkjO0rOQ5byMi.Ye4oKoEa3Ro9llC/.og/at2.uheWG/igi', 'Mrs. Katherine Hill MD', '2019-12-02', NULL, 'img-default.jpg', 'cover-default.jpg', '2019-12-02 14:02:56', NULL, '2019-12-02 14:02:57', '2019-12-02 14:02:57'),
(161, 'Xander Gottlieb', '$2y$10$92IXUNpkjO0rOQ5byMi.Ye4oKoEa3Ro9llC/.og/at2.uheWG/igi', 'Dr. Katarina Kovacek', '2019-12-02', NULL, 'img-default.jpg', 'cover-default.jpg', '2019-12-02 14:02:56', NULL, '2019-12-02 14:02:57', '2019-12-02 14:02:57'),
(162, 'Prof. Celestino Pollich', '$2y$10$92IXUNpkjO0rOQ5byMi.Ye4oKoEa3Ro9llC/.og/at2.uheWG/igi', 'Ms. Alysson Rolfson', '2019-12-02', NULL, 'img-default.jpg', 'cover-default.jpg', '2019-12-02 14:02:56', NULL, '2019-12-02 14:02:57', '2019-12-02 14:02:57'),
(163, 'Kelton Wehner', '$2y$10$92IXUNpkjO0rOQ5byMi.Ye4oKoEa3Ro9llC/.og/at2.uheWG/igi', 'Mrs. Yasmeen Klocko', '2019-12-02', NULL, 'img-default.jpg', 'cover-default.jpg', '2019-12-02 14:02:56', NULL, '2019-12-02 14:02:57', '2019-12-02 14:02:57'),
(164, 'Dean Pouros', '$2y$10$92IXUNpkjO0rOQ5byMi.Ye4oKoEa3Ro9llC/.og/at2.uheWG/igi', 'Laverna Bailey', '2019-12-02', NULL, 'img-default.jpg', 'cover-default.jpg', '2019-12-02 14:02:56', NULL, '2019-12-02 14:02:57', '2019-12-02 14:02:57'),
(165, 'Mrs. Concepcion Kulas MD', '$2y$10$92IXUNpkjO0rOQ5byMi.Ye4oKoEa3Ro9llC/.og/at2.uheWG/igi', 'Erich Powlowski IV', '2019-12-02', NULL, 'img-default.jpg', 'cover-default.jpg', '2019-12-02 14:02:56', NULL, '2019-12-02 14:02:57', '2019-12-02 14:02:57'),
(166, 'Erling Mayer', '$2y$10$92IXUNpkjO0rOQ5byMi.Ye4oKoEa3Ro9llC/.og/at2.uheWG/igi', 'Urban Adams', '2019-12-02', NULL, 'img-default.jpg', 'cover-default.jpg', '2019-12-02 14:02:56', NULL, '2019-12-02 14:02:57', '2019-12-02 14:02:57'),
(167, 'Miss Destany McLaughlin', '$2y$10$92IXUNpkjO0rOQ5byMi.Ye4oKoEa3Ro9llC/.og/at2.uheWG/igi', 'Brain Wyman', '2019-12-02', NULL, 'img-default.jpg', 'cover-default.jpg', '2019-12-02 14:02:56', NULL, '2019-12-02 14:02:57', '2019-12-02 14:02:57'),
(168, 'Abelardo Klocko V', '$2y$10$92IXUNpkjO0rOQ5byMi.Ye4oKoEa3Ro9llC/.og/at2.uheWG/igi', 'Dina Hansen', '2019-12-02', NULL, 'img-default.jpg', 'cover-default.jpg', '2019-12-02 14:02:56', NULL, '2019-12-02 14:02:57', '2019-12-02 14:02:57'),
(169, 'Verdie Lowe DVM', '$2y$10$92IXUNpkjO0rOQ5byMi.Ye4oKoEa3Ro9llC/.og/at2.uheWG/igi', 'Pansy Keebler', '2019-12-02', NULL, 'img-default.jpg', 'cover-default.jpg', '2019-12-02 14:02:56', NULL, '2019-12-02 14:02:57', '2019-12-02 14:02:57'),
(170, 'Ressie Ullrich', '$2y$10$92IXUNpkjO0rOQ5byMi.Ye4oKoEa3Ro9llC/.og/at2.uheWG/igi', 'Darlene Romaguera MD', '2019-12-02', NULL, 'img-default.jpg', 'cover-default.jpg', '2019-12-02 14:02:56', NULL, '2019-12-02 14:02:57', '2019-12-02 14:02:57'),
(171, 'Mr. Orlando Hahn Sr.', '$2y$10$92IXUNpkjO0rOQ5byMi.Ye4oKoEa3Ro9llC/.og/at2.uheWG/igi', 'Dr. Marilyne Doyle III', '2019-12-02', NULL, 'img-default.jpg', 'cover-default.jpg', '2019-12-02 14:02:56', NULL, '2019-12-02 14:02:57', '2019-12-02 14:02:57'),
(172, 'Althea Reichert', '$2y$10$92IXUNpkjO0rOQ5byMi.Ye4oKoEa3Ro9llC/.og/at2.uheWG/igi', 'Jorge Ruecker', '2019-12-02', NULL, 'img-default.jpg', 'cover-default.jpg', '2019-12-02 14:02:56', NULL, '2019-12-02 14:02:57', '2019-12-02 14:02:57'),
(173, 'Prof. Ubaldo Rodriguez', '$2y$10$92IXUNpkjO0rOQ5byMi.Ye4oKoEa3Ro9llC/.og/at2.uheWG/igi', 'Ms. Emmalee Botsford Sr.', '2019-12-02', NULL, 'img-default.jpg', 'cover-default.jpg', '2019-12-02 14:02:56', NULL, '2019-12-02 14:02:57', '2019-12-02 14:02:57'),
(174, 'Mr. Berry Beatty', '$2y$10$92IXUNpkjO0rOQ5byMi.Ye4oKoEa3Ro9llC/.og/at2.uheWG/igi', 'Addie Von I', '2019-12-02', NULL, 'img-default.jpg', 'cover-default.jpg', '2019-12-02 14:02:56', NULL, '2019-12-02 14:02:57', '2019-12-02 14:02:57'),
(175, 'Lennie Prosacco DDS', '$2y$10$92IXUNpkjO0rOQ5byMi.Ye4oKoEa3Ro9llC/.og/at2.uheWG/igi', 'Prof. Jada Cruickshank V', '2019-12-02', NULL, 'img-default.jpg', 'cover-default.jpg', '2019-12-02 14:02:56', NULL, '2019-12-02 14:02:57', '2019-12-02 14:02:57'),
(176, 'Erika Monahan', '$2y$10$92IXUNpkjO0rOQ5byMi.Ye4oKoEa3Ro9llC/.og/at2.uheWG/igi', 'Haskell Hagenes V', '2019-12-02', NULL, 'img-default.jpg', 'cover-default.jpg', '2019-12-02 14:02:56', NULL, '2019-12-02 14:02:57', '2019-12-02 14:02:57'),
(177, 'Marilyne Metz', '$2y$10$92IXUNpkjO0rOQ5byMi.Ye4oKoEa3Ro9llC/.og/at2.uheWG/igi', 'Derick Jacobi', '2019-12-02', NULL, 'img-default.jpg', 'cover-default.jpg', '2019-12-02 14:02:56', NULL, '2019-12-02 14:02:57', '2019-12-02 14:02:57'),
(178, 'Miss Pat Nikolaus', '$2y$10$92IXUNpkjO0rOQ5byMi.Ye4oKoEa3Ro9llC/.og/at2.uheWG/igi', 'Kenny Lesch', '2019-12-02', NULL, 'img-default.jpg', 'cover-default.jpg', '2019-12-02 14:02:56', NULL, '2019-12-02 14:02:57', '2019-12-02 14:02:57'),
(179, 'Prof. Cortez Bogisich I', '$2y$10$92IXUNpkjO0rOQ5byMi.Ye4oKoEa3Ro9llC/.og/at2.uheWG/igi', 'Janis Koepp', '2019-12-02', NULL, 'img-default.jpg', 'cover-default.jpg', '2019-12-02 14:02:56', NULL, '2019-12-02 14:02:57', '2019-12-02 14:02:57'),
(180, 'Miss Aniyah Medhurst', '$2y$10$92IXUNpkjO0rOQ5byMi.Ye4oKoEa3Ro9llC/.og/at2.uheWG/igi', 'Westley Keebler', '2019-12-02', NULL, 'img-default.jpg', 'cover-default.jpg', '2019-12-02 14:02:56', NULL, '2019-12-02 14:02:57', '2019-12-02 14:02:57'),
(181, 'Anastasia O\'Connell', '$2y$10$92IXUNpkjO0rOQ5byMi.Ye4oKoEa3Ro9llC/.og/at2.uheWG/igi', 'Lillian Boyer', '2019-12-02', NULL, 'img-default.jpg', 'cover-default.jpg', '2019-12-02 14:02:56', NULL, '2019-12-02 14:02:57', '2019-12-02 14:02:57'),
(182, 'Mrs. Bria McLaughlin Jr.', '$2y$10$92IXUNpkjO0rOQ5byMi.Ye4oKoEa3Ro9llC/.og/at2.uheWG/igi', 'Elliott Cartwright', '2019-12-02', NULL, 'img-default.jpg', 'cover-default.jpg', '2019-12-02 14:02:56', NULL, '2019-12-02 14:02:57', '2019-12-02 14:02:57'),
(183, 'Miss Carole Kovacek I', '$2y$10$92IXUNpkjO0rOQ5byMi.Ye4oKoEa3Ro9llC/.og/at2.uheWG/igi', 'Raquel Jones', '2019-12-02', NULL, 'img-default.jpg', 'cover-default.jpg', '2019-12-02 14:02:56', NULL, '2019-12-02 14:02:57', '2019-12-02 14:02:57'),
(184, 'Jean Collins', '$2y$10$92IXUNpkjO0rOQ5byMi.Ye4oKoEa3Ro9llC/.og/at2.uheWG/igi', 'Ms. Katarina Koch', '2019-12-02', NULL, 'img-default.jpg', 'cover-default.jpg', '2019-12-02 14:02:56', NULL, '2019-12-02 14:02:57', '2019-12-02 14:02:57'),
(185, 'Fermin Robel', '$2y$10$92IXUNpkjO0rOQ5byMi.Ye4oKoEa3Ro9llC/.og/at2.uheWG/igi', 'Maximillian Kuphal', '2019-12-02', NULL, 'img-default.jpg', 'cover-default.jpg', '2019-12-02 14:02:56', NULL, '2019-12-02 14:02:57', '2019-12-02 14:02:57'),
(186, 'Angel Gulgowski', '$2y$10$92IXUNpkjO0rOQ5byMi.Ye4oKoEa3Ro9llC/.og/at2.uheWG/igi', 'Lisette Keeling IV', '2019-12-02', NULL, 'img-default.jpg', 'cover-default.jpg', '2019-12-02 14:02:56', NULL, '2019-12-02 14:02:57', '2019-12-02 14:02:57'),
(187, 'Letitia Wintheiser', '$2y$10$92IXUNpkjO0rOQ5byMi.Ye4oKoEa3Ro9llC/.og/at2.uheWG/igi', 'Mrs. Anais Emmerich V', '2019-12-02', NULL, 'img-default.jpg', 'cover-default.jpg', '2019-12-02 14:02:56', NULL, '2019-12-02 14:02:57', '2019-12-02 14:02:57'),
(188, 'Mr. Wilmer Cummings', '$2y$10$92IXUNpkjO0rOQ5byMi.Ye4oKoEa3Ro9llC/.og/at2.uheWG/igi', 'Webster Bosco', '2019-12-02', NULL, 'img-default.jpg', 'cover-default.jpg', '2019-12-02 14:02:56', NULL, '2019-12-02 14:02:57', '2019-12-02 14:02:57'),
(189, 'Tristian Quigley Sr.', '$2y$10$92IXUNpkjO0rOQ5byMi.Ye4oKoEa3Ro9llC/.og/at2.uheWG/igi', 'Buster Schoen', '2019-12-02', NULL, 'img-default.jpg', 'cover-default.jpg', '2019-12-02 14:02:56', NULL, '2019-12-02 14:02:57', '2019-12-02 14:02:57'),
(190, 'Mr. Julian Schaden III', '$2y$10$92IXUNpkjO0rOQ5byMi.Ye4oKoEa3Ro9llC/.og/at2.uheWG/igi', 'Dr. Javonte Glover PhD', '2019-12-02', NULL, 'img-default.jpg', 'cover-default.jpg', '2019-12-02 14:02:56', NULL, '2019-12-02 14:02:57', '2019-12-02 14:02:57'),
(191, 'Claud Beer', '$2y$10$92IXUNpkjO0rOQ5byMi.Ye4oKoEa3Ro9llC/.og/at2.uheWG/igi', 'Nicholas Balistreri', '2019-12-02', NULL, 'img-default.jpg', 'cover-default.jpg', '2019-12-02 14:02:56', NULL, '2019-12-02 14:02:57', '2019-12-02 14:02:57'),
(192, 'Prof. Juvenal Jacobs', '$2y$10$92IXUNpkjO0rOQ5byMi.Ye4oKoEa3Ro9llC/.og/at2.uheWG/igi', 'Theodora Mraz', '2019-12-02', NULL, 'img-default.jpg', 'cover-default.jpg', '2019-12-02 14:02:56', NULL, '2019-12-02 14:02:57', '2019-12-02 14:02:57'),
(193, 'London Tremblay', '$2y$10$92IXUNpkjO0rOQ5byMi.Ye4oKoEa3Ro9llC/.og/at2.uheWG/igi', 'Benton Gerhold', '2019-12-02', NULL, 'img-default.jpg', 'cover-default.jpg', '2019-12-02 14:02:56', NULL, '2019-12-02 14:02:57', '2019-12-02 14:02:57'),
(194, 'Dr. Shea Bayer V', '$2y$10$92IXUNpkjO0rOQ5byMi.Ye4oKoEa3Ro9llC/.og/at2.uheWG/igi', 'Miss Lilyan Huel Sr.', '2019-12-02', NULL, 'img-default.jpg', 'cover-default.jpg', '2019-12-02 14:02:56', NULL, '2019-12-02 14:02:57', '2019-12-02 14:02:57'),
(195, 'Mrs. Birdie Okuneva I', '$2y$10$92IXUNpkjO0rOQ5byMi.Ye4oKoEa3Ro9llC/.og/at2.uheWG/igi', 'Trace Huels', '2019-12-02', NULL, 'img-default.jpg', 'cover-default.jpg', '2019-12-02 14:02:56', NULL, '2019-12-02 14:02:57', '2019-12-02 14:02:57'),
(196, 'Gust Block MD', '$2y$10$92IXUNpkjO0rOQ5byMi.Ye4oKoEa3Ro9llC/.og/at2.uheWG/igi', 'Delphia Volkman', '2019-12-02', NULL, 'img-default.jpg', 'cover-default.jpg', '2019-12-02 14:02:56', NULL, '2019-12-02 14:02:57', '2019-12-02 14:02:57'),
(197, 'Mr. Vinnie White', '$2y$10$92IXUNpkjO0rOQ5byMi.Ye4oKoEa3Ro9llC/.og/at2.uheWG/igi', 'Dr. Rico Schamberger IV', '2019-12-02', NULL, 'img-default.jpg', 'cover-default.jpg', '2019-12-02 14:02:56', NULL, '2019-12-02 14:02:57', '2019-12-02 14:02:57'),
(198, 'Margarett Beatty', '$2y$10$92IXUNpkjO0rOQ5byMi.Ye4oKoEa3Ro9llC/.og/at2.uheWG/igi', 'Miss Josie Brekke Sr.', '2019-12-02', NULL, 'img-default.jpg', 'cover-default.jpg', '2019-12-02 14:02:56', NULL, '2019-12-02 14:02:57', '2019-12-02 14:02:57'),
(199, 'Maeve Morar', '$2y$10$92IXUNpkjO0rOQ5byMi.Ye4oKoEa3Ro9llC/.og/at2.uheWG/igi', 'Arjun Hayes', '2019-12-02', NULL, 'img-default.jpg', 'cover-default.jpg', '2019-12-02 14:02:56', NULL, '2019-12-02 14:02:57', '2019-12-02 14:02:57'),
(200, 'Ms. Syble Bernier', '$2y$10$92IXUNpkjO0rOQ5byMi.Ye4oKoEa3Ro9llC/.og/at2.uheWG/igi', 'Marina Nitzsche', '2019-12-02', NULL, 'img-default.jpg', 'cover-default.jpg', '2019-12-02 14:02:56', NULL, '2019-12-02 14:02:57', '2019-12-02 14:02:57'),
(201, 'Dr. Veda Morar V', '$2y$10$92IXUNpkjO0rOQ5byMi.Ye4oKoEa3Ro9llC/.og/at2.uheWG/igi', 'Cathryn Osinski', '2019-12-02', NULL, 'img-default.jpg', 'cover-default.jpg', '2019-12-02 14:02:56', NULL, '2019-12-02 14:02:57', '2019-12-02 14:02:57'),
(202, 'Rae Barrows', '$2y$10$92IXUNpkjO0rOQ5byMi.Ye4oKoEa3Ro9llC/.og/at2.uheWG/igi', 'Paolo Bergnaum', '2019-12-02', NULL, 'img-default.jpg', 'cover-default.jpg', '2019-12-02 14:02:56', NULL, '2019-12-02 14:02:57', '2019-12-02 14:02:57'),
(203, 'Whitney Rath II', '$2y$10$92IXUNpkjO0rOQ5byMi.Ye4oKoEa3Ro9llC/.og/at2.uheWG/igi', 'Bert Nienow', '2019-12-02', NULL, 'img-default.jpg', 'cover-default.jpg', '2019-12-02 14:02:56', NULL, '2019-12-02 14:02:57', '2019-12-02 14:02:57'),
(204, 'Abel Wilderman', '$2y$10$92IXUNpkjO0rOQ5byMi.Ye4oKoEa3Ro9llC/.og/at2.uheWG/igi', 'Stephany Schuppe DDS', '2019-12-02', NULL, 'img-default.jpg', 'cover-default.jpg', '2019-12-02 14:02:56', NULL, '2019-12-02 14:02:57', '2019-12-02 14:02:57');
INSERT INTO `tb_users` (`id_user`, `username`, `password`, `nama`, `tgl_lahir`, `bio`, `avatar`, `cover`, `user_verified_at`, `remember_token`, `created_at`, `updated_at`) VALUES
(205, 'Mr. Kellen Welch III', '$2y$10$92IXUNpkjO0rOQ5byMi.Ye4oKoEa3Ro9llC/.og/at2.uheWG/igi', 'Victor Wolff', '2019-12-02', NULL, 'img-default.jpg', 'cover-default.jpg', '2019-12-02 14:02:56', NULL, '2019-12-02 14:02:57', '2019-12-02 14:02:57'),
(206, 'Dr. Tara Watsica', '$2y$10$92IXUNpkjO0rOQ5byMi.Ye4oKoEa3Ro9llC/.og/at2.uheWG/igi', 'Theresia Hermann', '2019-12-02', NULL, 'img-default.jpg', 'cover-default.jpg', '2019-12-02 14:02:56', NULL, '2019-12-02 14:02:57', '2019-12-02 14:02:57'),
(207, 'Talia Cormier', '$2y$10$92IXUNpkjO0rOQ5byMi.Ye4oKoEa3Ro9llC/.og/at2.uheWG/igi', 'Wilson Barton', '2019-12-02', NULL, 'img-default.jpg', 'cover-default.jpg', '2019-12-02 14:02:56', NULL, '2019-12-02 14:02:57', '2019-12-02 14:02:57'),
(208, 'Madilyn Zulauf', '$2y$10$92IXUNpkjO0rOQ5byMi.Ye4oKoEa3Ro9llC/.og/at2.uheWG/igi', 'Oma Davis', '2019-12-02', NULL, 'img-default.jpg', 'cover-default.jpg', '2019-12-02 14:02:56', NULL, '2019-12-02 14:02:57', '2019-12-02 14:02:57'),
(209, 'Dr. Rylee Nicolas', '$2y$10$92IXUNpkjO0rOQ5byMi.Ye4oKoEa3Ro9llC/.og/at2.uheWG/igi', 'Nichole Hirthe', '2019-12-02', NULL, 'img-default.jpg', 'cover-default.jpg', '2019-12-02 14:02:56', NULL, '2019-12-02 14:02:57', '2019-12-02 14:02:57'),
(210, 'Alden Hoeger', '$2y$10$92IXUNpkjO0rOQ5byMi.Ye4oKoEa3Ro9llC/.og/at2.uheWG/igi', 'Chauncey Weissnat', '2019-12-02', NULL, 'img-default.jpg', 'cover-default.jpg', '2019-12-02 14:02:56', NULL, '2019-12-02 14:02:57', '2019-12-02 14:02:57'),
(211, 'Asa Botsford', '$2y$10$92IXUNpkjO0rOQ5byMi.Ye4oKoEa3Ro9llC/.og/at2.uheWG/igi', 'Nelle Zboncak', '2019-12-02', NULL, 'img-default.jpg', 'cover-default.jpg', '2019-12-02 14:02:56', NULL, '2019-12-02 14:02:57', '2019-12-02 14:02:57'),
(212, 'Prof. Sierra Luettgen', '$2y$10$92IXUNpkjO0rOQ5byMi.Ye4oKoEa3Ro9llC/.og/at2.uheWG/igi', 'Clemmie Spencer', '2019-12-02', NULL, 'img-default.jpg', 'cover-default.jpg', '2019-12-02 14:02:56', NULL, '2019-12-02 14:02:57', '2019-12-02 14:02:57'),
(213, 'Junius Hahn', '$2y$10$92IXUNpkjO0rOQ5byMi.Ye4oKoEa3Ro9llC/.og/at2.uheWG/igi', 'Giuseppe Feil Sr.', '2019-12-02', NULL, 'img-default.jpg', 'cover-default.jpg', '2019-12-02 14:02:56', NULL, '2019-12-02 14:02:57', '2019-12-02 14:02:57'),
(214, 'Mr. Felipe Waters', '$2y$10$92IXUNpkjO0rOQ5byMi.Ye4oKoEa3Ro9llC/.og/at2.uheWG/igi', 'Cade VonRueden', '2019-12-02', NULL, 'img-default.jpg', 'cover-default.jpg', '2019-12-02 14:02:56', NULL, '2019-12-02 14:02:57', '2019-12-02 14:02:57'),
(215, 'Lindsey Stracke', '$2y$10$92IXUNpkjO0rOQ5byMi.Ye4oKoEa3Ro9llC/.og/at2.uheWG/igi', 'Gerry Hills', '2019-12-02', NULL, 'img-default.jpg', 'cover-default.jpg', '2019-12-02 14:02:56', NULL, '2019-12-02 14:02:57', '2019-12-02 14:02:57'),
(216, 'Israel Tromp', '$2y$10$92IXUNpkjO0rOQ5byMi.Ye4oKoEa3Ro9llC/.og/at2.uheWG/igi', 'Zion Schmitt', '2019-12-02', NULL, 'img-default.jpg', 'cover-default.jpg', '2019-12-02 14:02:56', NULL, '2019-12-02 14:02:57', '2019-12-02 14:02:57'),
(217, 'Dr. Americo Veum DVM', '$2y$10$92IXUNpkjO0rOQ5byMi.Ye4oKoEa3Ro9llC/.og/at2.uheWG/igi', 'Sunny Lesch', '2019-12-02', NULL, 'img-default.jpg', 'cover-default.jpg', '2019-12-02 14:02:56', NULL, '2019-12-02 14:02:57', '2019-12-02 14:02:57'),
(218, 'Beth Stokes', '$2y$10$92IXUNpkjO0rOQ5byMi.Ye4oKoEa3Ro9llC/.og/at2.uheWG/igi', 'Allison Ruecker', '2019-12-02', NULL, 'img-default.jpg', 'cover-default.jpg', '2019-12-02 14:02:56', NULL, '2019-12-02 14:02:57', '2019-12-02 14:02:57'),
(219, 'Nathaniel Huels', '$2y$10$92IXUNpkjO0rOQ5byMi.Ye4oKoEa3Ro9llC/.og/at2.uheWG/igi', 'Elmer Zboncak DVM', '2019-12-02', NULL, 'img-default.jpg', 'cover-default.jpg', '2019-12-02 14:02:56', NULL, '2019-12-02 14:02:57', '2019-12-02 14:02:57'),
(220, 'Graciela Pfannerstill', '$2y$10$92IXUNpkjO0rOQ5byMi.Ye4oKoEa3Ro9llC/.og/at2.uheWG/igi', 'Meda Gislason', '2019-12-02', NULL, 'img-default.jpg', 'cover-default.jpg', '2019-12-02 14:02:56', NULL, '2019-12-02 14:02:57', '2019-12-02 14:02:57'),
(221, 'Vincent Metz', '$2y$10$92IXUNpkjO0rOQ5byMi.Ye4oKoEa3Ro9llC/.og/at2.uheWG/igi', 'Ms. Edythe DuBuque IV', '2019-12-02', NULL, 'img-default.jpg', 'cover-default.jpg', '2019-12-02 14:02:56', NULL, '2019-12-02 14:02:57', '2019-12-02 14:02:57'),
(222, 'Izabella Schultz', '$2y$10$92IXUNpkjO0rOQ5byMi.Ye4oKoEa3Ro9llC/.og/at2.uheWG/igi', 'Peggie Hackett II', '2019-12-02', NULL, 'img-default.jpg', 'cover-default.jpg', '2019-12-02 14:02:56', NULL, '2019-12-02 14:02:57', '2019-12-02 14:02:57'),
(223, 'Shaun Harris', '$2y$10$92IXUNpkjO0rOQ5byMi.Ye4oKoEa3Ro9llC/.og/at2.uheWG/igi', 'Dr. Jaquelin Grant', '2019-12-02', NULL, 'img-default.jpg', 'cover-default.jpg', '2019-12-02 14:02:56', NULL, '2019-12-02 14:02:57', '2019-12-02 14:02:57'),
(224, 'Prof. Prince Parker', '$2y$10$92IXUNpkjO0rOQ5byMi.Ye4oKoEa3Ro9llC/.og/at2.uheWG/igi', 'Jeanne Rau IV', '2019-12-02', NULL, 'img-default.jpg', 'cover-default.jpg', '2019-12-02 14:02:56', NULL, '2019-12-02 14:02:57', '2019-12-02 14:02:57'),
(225, 'Mrs. Kellie Quigley', '$2y$10$92IXUNpkjO0rOQ5byMi.Ye4oKoEa3Ro9llC/.og/at2.uheWG/igi', 'Prof. Hank Champlin IV', '2019-12-02', NULL, 'img-default.jpg', 'cover-default.jpg', '2019-12-02 14:02:56', NULL, '2019-12-02 14:02:57', '2019-12-02 14:02:57'),
(226, 'Lauren Hansen PhD', '$2y$10$92IXUNpkjO0rOQ5byMi.Ye4oKoEa3Ro9llC/.og/at2.uheWG/igi', 'Prof. Stanley Kovacek I', '2019-12-02', NULL, 'img-default.jpg', 'cover-default.jpg', '2019-12-02 14:02:56', NULL, '2019-12-02 14:02:57', '2019-12-02 14:02:57'),
(227, 'Marquise Sawayn', '$2y$10$92IXUNpkjO0rOQ5byMi.Ye4oKoEa3Ro9llC/.og/at2.uheWG/igi', 'Prof. Frank Hammes', '2019-12-02', NULL, 'img-default.jpg', 'cover-default.jpg', '2019-12-02 14:02:56', NULL, '2019-12-02 14:02:57', '2019-12-02 14:02:57'),
(228, 'Mozell Gottlieb Sr.', '$2y$10$92IXUNpkjO0rOQ5byMi.Ye4oKoEa3Ro9llC/.og/at2.uheWG/igi', 'Mr. Peyton Deckow', '2019-12-02', NULL, 'img-default.jpg', 'cover-default.jpg', '2019-12-02 14:02:56', NULL, '2019-12-02 14:02:57', '2019-12-02 14:02:57'),
(229, 'Devyn Roberts', '$2y$10$92IXUNpkjO0rOQ5byMi.Ye4oKoEa3Ro9llC/.og/at2.uheWG/igi', 'Gudrun Steuber', '2019-12-02', NULL, 'img-default.jpg', 'cover-default.jpg', '2019-12-02 14:02:56', NULL, '2019-12-02 14:02:57', '2019-12-02 14:02:57'),
(230, 'Hailey Crooks DDS', '$2y$10$92IXUNpkjO0rOQ5byMi.Ye4oKoEa3Ro9llC/.og/at2.uheWG/igi', 'Hailie O\'Conner', '2019-12-02', NULL, 'img-default.jpg', 'cover-default.jpg', '2019-12-02 14:02:56', NULL, '2019-12-02 14:02:57', '2019-12-02 14:02:57'),
(231, 'Princess Nienow MD', '$2y$10$92IXUNpkjO0rOQ5byMi.Ye4oKoEa3Ro9llC/.og/at2.uheWG/igi', 'Prof. Esther Gulgowski', '2019-12-02', NULL, 'img-default.jpg', 'cover-default.jpg', '2019-12-02 14:02:56', NULL, '2019-12-02 14:02:57', '2019-12-02 14:02:57'),
(232, 'Dr. Makayla Grady', '$2y$10$92IXUNpkjO0rOQ5byMi.Ye4oKoEa3Ro9llC/.og/at2.uheWG/igi', 'Destany Koepp Sr.', '2019-12-02', NULL, 'img-default.jpg', 'cover-default.jpg', '2019-12-02 14:02:56', NULL, '2019-12-02 14:02:57', '2019-12-02 14:02:57'),
(233, 'Dr. Hermann Reilly PhD', '$2y$10$92IXUNpkjO0rOQ5byMi.Ye4oKoEa3Ro9llC/.og/at2.uheWG/igi', 'Halie Konopelski', '2019-12-02', NULL, 'img-default.jpg', 'cover-default.jpg', '2019-12-02 14:02:56', NULL, '2019-12-02 14:02:57', '2019-12-02 14:02:57'),
(234, 'Gaylord Shanahan', '$2y$10$92IXUNpkjO0rOQ5byMi.Ye4oKoEa3Ro9llC/.og/at2.uheWG/igi', 'Isaac Huels', '2019-12-02', NULL, 'img-default.jpg', 'cover-default.jpg', '2019-12-02 14:02:56', NULL, '2019-12-02 14:02:57', '2019-12-02 14:02:57'),
(235, 'Rex Barton DVM', '$2y$10$92IXUNpkjO0rOQ5byMi.Ye4oKoEa3Ro9llC/.og/at2.uheWG/igi', 'Hilma Waelchi', '2019-12-02', NULL, 'img-default.jpg', 'cover-default.jpg', '2019-12-02 14:02:56', NULL, '2019-12-02 14:02:57', '2019-12-02 14:02:57'),
(236, 'Mr. Tavares Ernser PhD', '$2y$10$92IXUNpkjO0rOQ5byMi.Ye4oKoEa3Ro9llC/.og/at2.uheWG/igi', 'Tianna Towne', '2019-12-02', NULL, 'img-default.jpg', 'cover-default.jpg', '2019-12-02 14:02:56', NULL, '2019-12-02 14:02:57', '2019-12-02 14:02:57'),
(237, 'Macey Lindgren', '$2y$10$92IXUNpkjO0rOQ5byMi.Ye4oKoEa3Ro9llC/.og/at2.uheWG/igi', 'Dr. Tremaine Rosenbaum', '2019-12-02', NULL, 'img-default.jpg', 'cover-default.jpg', '2019-12-02 14:02:56', NULL, '2019-12-02 14:02:57', '2019-12-02 14:02:57'),
(238, 'Andreane Stroman DVM', '$2y$10$92IXUNpkjO0rOQ5byMi.Ye4oKoEa3Ro9llC/.og/at2.uheWG/igi', 'Marielle Bosco Jr.', '2019-12-02', NULL, 'img-default.jpg', 'cover-default.jpg', '2019-12-02 14:02:56', NULL, '2019-12-02 14:02:57', '2019-12-02 14:02:57'),
(239, 'Ethyl Moore', '$2y$10$92IXUNpkjO0rOQ5byMi.Ye4oKoEa3Ro9llC/.og/at2.uheWG/igi', 'Daron Dickinson I', '2019-12-02', NULL, 'img-default.jpg', 'cover-default.jpg', '2019-12-02 14:02:56', NULL, '2019-12-02 14:02:57', '2019-12-02 14:02:57'),
(240, 'Dr. Jeffery Tromp', '$2y$10$92IXUNpkjO0rOQ5byMi.Ye4oKoEa3Ro9llC/.og/at2.uheWG/igi', 'Serenity Mraz', '2019-12-02', NULL, 'img-default.jpg', 'cover-default.jpg', '2019-12-02 14:02:56', NULL, '2019-12-02 14:02:57', '2019-12-02 14:02:57'),
(241, 'Marina Kuvalis', '$2y$10$92IXUNpkjO0rOQ5byMi.Ye4oKoEa3Ro9llC/.og/at2.uheWG/igi', 'Angelita Murazik', '2019-12-02', NULL, 'img-default.jpg', 'cover-default.jpg', '2019-12-02 14:02:56', NULL, '2019-12-02 14:02:57', '2019-12-02 14:02:57'),
(242, 'Brisa Schaefer', '$2y$10$92IXUNpkjO0rOQ5byMi.Ye4oKoEa3Ro9llC/.og/at2.uheWG/igi', 'Amelie Bailey', '2019-12-02', NULL, 'img-default.jpg', 'cover-default.jpg', '2019-12-02 14:02:56', NULL, '2019-12-02 14:02:57', '2019-12-02 14:02:57'),
(243, 'Terry Cremin', '$2y$10$92IXUNpkjO0rOQ5byMi.Ye4oKoEa3Ro9llC/.og/at2.uheWG/igi', 'Vallie Koss', '2019-12-02', NULL, 'img-default.jpg', 'cover-default.jpg', '2019-12-02 14:02:56', NULL, '2019-12-02 14:02:57', '2019-12-02 14:02:57'),
(244, 'Dr. Nya Russel DVM', '$2y$10$92IXUNpkjO0rOQ5byMi.Ye4oKoEa3Ro9llC/.og/at2.uheWG/igi', 'Ashleigh Quitzon', '2019-12-02', NULL, 'img-default.jpg', 'cover-default.jpg', '2019-12-02 14:02:56', NULL, '2019-12-02 14:02:57', '2019-12-02 14:02:57'),
(245, 'Mr. Kane Batz', '$2y$10$92IXUNpkjO0rOQ5byMi.Ye4oKoEa3Ro9llC/.og/at2.uheWG/igi', 'Laisha Dare', '2019-12-02', NULL, 'img-default.jpg', 'cover-default.jpg', '2019-12-02 14:02:56', NULL, '2019-12-02 14:02:57', '2019-12-02 14:02:57'),
(246, 'Norbert Bogan MD', '$2y$10$92IXUNpkjO0rOQ5byMi.Ye4oKoEa3Ro9llC/.og/at2.uheWG/igi', 'Coty Cole', '2019-12-02', NULL, 'img-default.jpg', 'cover-default.jpg', '2019-12-02 14:02:56', NULL, '2019-12-02 14:02:57', '2019-12-02 14:02:57'),
(247, 'Prof. Meggie Stracke', '$2y$10$92IXUNpkjO0rOQ5byMi.Ye4oKoEa3Ro9llC/.og/at2.uheWG/igi', 'Prof. Nat Larson V', '2019-12-02', NULL, 'img-default.jpg', 'cover-default.jpg', '2019-12-02 14:02:56', NULL, '2019-12-02 14:02:57', '2019-12-02 14:02:57'),
(248, 'Dejuan Crooks', '$2y$10$92IXUNpkjO0rOQ5byMi.Ye4oKoEa3Ro9llC/.og/at2.uheWG/igi', 'Ceasar Ziemann', '2019-12-02', NULL, 'img-default.jpg', 'cover-default.jpg', '2019-12-02 14:02:56', NULL, '2019-12-02 14:02:57', '2019-12-02 14:02:57'),
(249, 'Thea Johnson I', '$2y$10$92IXUNpkjO0rOQ5byMi.Ye4oKoEa3Ro9llC/.og/at2.uheWG/igi', 'Mathew Friesen', '2019-12-02', NULL, 'img-default.jpg', 'cover-default.jpg', '2019-12-02 14:02:56', NULL, '2019-12-02 14:02:57', '2019-12-02 14:02:57'),
(250, 'Dr. Layla Hirthe II', '$2y$10$92IXUNpkjO0rOQ5byMi.Ye4oKoEa3Ro9llC/.og/at2.uheWG/igi', 'Chasity Aufderhar', '2019-12-02', NULL, 'img-default.jpg', 'cover-default.jpg', '2019-12-02 14:02:56', NULL, '2019-12-02 14:02:57', '2019-12-02 14:02:57'),
(251, 'Dexter Corkery', '$2y$10$92IXUNpkjO0rOQ5byMi.Ye4oKoEa3Ro9llC/.og/at2.uheWG/igi', 'Wanda Prosacco', '2019-12-02', NULL, 'img-default.jpg', 'cover-default.jpg', '2019-12-02 14:02:56', NULL, '2019-12-02 14:02:57', '2019-12-02 14:02:57'),
(252, 'Matt Lind', '$2y$10$92IXUNpkjO0rOQ5byMi.Ye4oKoEa3Ro9llC/.og/at2.uheWG/igi', 'Adeline Beahan', '2019-12-02', NULL, 'img-default.jpg', 'cover-default.jpg', '2019-12-02 14:02:56', NULL, '2019-12-02 14:02:57', '2019-12-02 14:02:57'),
(253, 'Prof. Erick Jones I', '$2y$10$92IXUNpkjO0rOQ5byMi.Ye4oKoEa3Ro9llC/.og/at2.uheWG/igi', 'Dr. Dariana Murazik', '2019-12-02', NULL, 'img-default.jpg', 'cover-default.jpg', '2019-12-02 14:02:56', NULL, '2019-12-02 14:02:57', '2019-12-02 14:02:57'),
(254, 'Mr. Henderson Connelly', '$2y$10$92IXUNpkjO0rOQ5byMi.Ye4oKoEa3Ro9llC/.og/at2.uheWG/igi', 'Ettie Rippin DDS', '2019-12-02', NULL, 'img-default.jpg', 'cover-default.jpg', '2019-12-02 14:02:56', NULL, '2019-12-02 14:02:57', '2019-12-02 14:02:57'),
(255, 'Nia Larson', '$2y$10$92IXUNpkjO0rOQ5byMi.Ye4oKoEa3Ro9llC/.og/at2.uheWG/igi', 'Palma Senger DDS', '2019-12-02', NULL, 'img-default.jpg', 'cover-default.jpg', '2019-12-02 14:02:56', NULL, '2019-12-02 14:02:57', '2019-12-02 14:02:57'),
(256, 'Dr. Alvis Wisoky II', '$2y$10$92IXUNpkjO0rOQ5byMi.Ye4oKoEa3Ro9llC/.og/at2.uheWG/igi', 'Dr. Newell O\'Hara', '2019-12-02', NULL, 'img-default.jpg', 'cover-default.jpg', '2019-12-02 14:02:56', NULL, '2019-12-02 14:02:57', '2019-12-02 14:02:57'),
(257, 'Sanford Streich', '$2y$10$92IXUNpkjO0rOQ5byMi.Ye4oKoEa3Ro9llC/.og/at2.uheWG/igi', 'Ed Rath Sr.', '2019-12-02', NULL, 'img-default.jpg', 'cover-default.jpg', '2019-12-02 14:02:56', NULL, '2019-12-02 14:02:57', '2019-12-02 14:02:57'),
(258, 'Prof. Letitia Littel DVM', '$2y$10$92IXUNpkjO0rOQ5byMi.Ye4oKoEa3Ro9llC/.og/at2.uheWG/igi', 'Miss Ardith Feeney', '2019-12-02', NULL, 'img-default.jpg', 'cover-default.jpg', '2019-12-02 14:02:56', NULL, '2019-12-02 14:02:57', '2019-12-02 14:02:57'),
(259, 'Larry Maggio DDS', '$2y$10$92IXUNpkjO0rOQ5byMi.Ye4oKoEa3Ro9llC/.og/at2.uheWG/igi', 'Jaclyn Roberts', '2019-12-02', NULL, 'img-default.jpg', 'cover-default.jpg', '2019-12-02 14:02:56', NULL, '2019-12-02 14:02:57', '2019-12-02 14:02:57'),
(260, 'Scotty Toy DVM', '$2y$10$92IXUNpkjO0rOQ5byMi.Ye4oKoEa3Ro9llC/.og/at2.uheWG/igi', 'Vickie Cronin', '2019-12-02', NULL, 'img-default.jpg', 'cover-default.jpg', '2019-12-02 14:02:56', NULL, '2019-12-02 14:02:57', '2019-12-02 14:02:57'),
(261, 'Keeley Romaguera', '$2y$10$92IXUNpkjO0rOQ5byMi.Ye4oKoEa3Ro9llC/.og/at2.uheWG/igi', 'Jamie D\'Amore', '2019-12-02', NULL, 'img-default.jpg', 'cover-default.jpg', '2019-12-02 14:02:56', NULL, '2019-12-02 14:02:57', '2019-12-02 14:02:57'),
(262, 'Dr. Joseph Homenick', '$2y$10$92IXUNpkjO0rOQ5byMi.Ye4oKoEa3Ro9llC/.og/at2.uheWG/igi', 'Prof. Claude Schultz Sr.', '2019-12-02', NULL, 'img-default.jpg', 'cover-default.jpg', '2019-12-02 14:02:56', NULL, '2019-12-02 14:02:57', '2019-12-02 14:02:57'),
(263, 'Mrs. Haylee Senger I', '$2y$10$92IXUNpkjO0rOQ5byMi.Ye4oKoEa3Ro9llC/.og/at2.uheWG/igi', 'Mya Zemlak Sr.', '2019-12-02', NULL, 'img-default.jpg', 'cover-default.jpg', '2019-12-02 14:02:56', NULL, '2019-12-02 14:02:57', '2019-12-02 14:02:57'),
(264, 'Dr. Stacy Spinka MD', '$2y$10$92IXUNpkjO0rOQ5byMi.Ye4oKoEa3Ro9llC/.og/at2.uheWG/igi', 'Loraine Zemlak', '2019-12-02', NULL, 'img-default.jpg', 'cover-default.jpg', '2019-12-02 14:02:56', NULL, '2019-12-02 14:02:57', '2019-12-02 14:02:57'),
(265, 'Nelle Watsica IV', '$2y$10$92IXUNpkjO0rOQ5byMi.Ye4oKoEa3Ro9llC/.og/at2.uheWG/igi', 'Mozelle McKenzie', '2019-12-02', NULL, 'img-default.jpg', 'cover-default.jpg', '2019-12-02 14:02:56', NULL, '2019-12-02 14:02:57', '2019-12-02 14:02:57'),
(266, 'Ettie Feil', '$2y$10$92IXUNpkjO0rOQ5byMi.Ye4oKoEa3Ro9llC/.og/at2.uheWG/igi', 'Macey Emmerich DVM', '2019-12-02', NULL, 'img-default.jpg', 'cover-default.jpg', '2019-12-02 14:02:56', NULL, '2019-12-02 14:02:57', '2019-12-02 14:02:57'),
(267, 'Melany Corwin', '$2y$10$92IXUNpkjO0rOQ5byMi.Ye4oKoEa3Ro9llC/.og/at2.uheWG/igi', 'Miss Mireya Roob Sr.', '2019-12-02', NULL, 'img-default.jpg', 'cover-default.jpg', '2019-12-02 14:02:56', NULL, '2019-12-02 14:02:57', '2019-12-02 14:02:57'),
(268, 'Sigrid Marquardt', '$2y$10$92IXUNpkjO0rOQ5byMi.Ye4oKoEa3Ro9llC/.og/at2.uheWG/igi', 'Antoinette Kunze IV', '2019-12-02', NULL, 'img-default.jpg', 'cover-default.jpg', '2019-12-02 14:02:56', NULL, '2019-12-02 14:02:57', '2019-12-02 14:02:57'),
(269, 'Halie Stiedemann', '$2y$10$92IXUNpkjO0rOQ5byMi.Ye4oKoEa3Ro9llC/.og/at2.uheWG/igi', 'Prof. Tremayne Brakus', '2019-12-02', NULL, 'img-default.jpg', 'cover-default.jpg', '2019-12-02 14:02:56', NULL, '2019-12-02 14:02:57', '2019-12-02 14:02:57'),
(270, 'Jermaine Daniel PhD', '$2y$10$92IXUNpkjO0rOQ5byMi.Ye4oKoEa3Ro9llC/.og/at2.uheWG/igi', 'Kendrick Erdman', '2019-12-02', NULL, 'img-default.jpg', 'cover-default.jpg', '2019-12-02 14:02:56', NULL, '2019-12-02 14:02:57', '2019-12-02 14:02:57'),
(271, 'Miss Elinore McGlynn DDS', '$2y$10$92IXUNpkjO0rOQ5byMi.Ye4oKoEa3Ro9llC/.og/at2.uheWG/igi', 'Fatima Kunze', '2019-12-02', NULL, 'img-default.jpg', 'cover-default.jpg', '2019-12-02 14:02:56', NULL, '2019-12-02 14:02:57', '2019-12-02 14:02:57'),
(272, 'Dejon Russel', '$2y$10$92IXUNpkjO0rOQ5byMi.Ye4oKoEa3Ro9llC/.og/at2.uheWG/igi', 'Prof. Afton Hodkiewicz Sr.', '2019-12-02', NULL, 'img-default.jpg', 'cover-default.jpg', '2019-12-02 14:02:56', NULL, '2019-12-02 14:02:57', '2019-12-02 14:02:57'),
(273, 'Christine Hansen', '$2y$10$92IXUNpkjO0rOQ5byMi.Ye4oKoEa3Ro9llC/.og/at2.uheWG/igi', 'Jeffry Durgan Sr.', '2019-12-02', NULL, 'img-default.jpg', 'cover-default.jpg', '2019-12-02 14:02:56', NULL, '2019-12-02 14:02:57', '2019-12-02 14:02:57'),
(274, 'Prince Doyle Jr.', '$2y$10$92IXUNpkjO0rOQ5byMi.Ye4oKoEa3Ro9llC/.og/at2.uheWG/igi', 'Prof. Geoffrey Ondricka', '2019-12-02', NULL, 'img-default.jpg', 'cover-default.jpg', '2019-12-02 14:02:56', NULL, '2019-12-02 14:02:57', '2019-12-02 14:02:57'),
(275, 'Helene Abshire', '$2y$10$92IXUNpkjO0rOQ5byMi.Ye4oKoEa3Ro9llC/.og/at2.uheWG/igi', 'Marjolaine Oberbrunner MD', '2019-12-02', NULL, 'img-default.jpg', 'cover-default.jpg', '2019-12-02 14:02:56', NULL, '2019-12-02 14:02:57', '2019-12-02 14:02:57'),
(276, 'Bulah Jenkins', '$2y$10$92IXUNpkjO0rOQ5byMi.Ye4oKoEa3Ro9llC/.og/at2.uheWG/igi', 'Wiley Hermann DDS', '2019-12-02', NULL, 'img-default.jpg', 'cover-default.jpg', '2019-12-02 14:02:56', NULL, '2019-12-02 14:02:57', '2019-12-02 14:02:57'),
(277, 'Trystan Bins', '$2y$10$92IXUNpkjO0rOQ5byMi.Ye4oKoEa3Ro9llC/.og/at2.uheWG/igi', 'Ms. Etha Heaney DVM', '2019-12-02', NULL, 'img-default.jpg', 'cover-default.jpg', '2019-12-02 14:02:56', NULL, '2019-12-02 14:02:57', '2019-12-02 14:02:57'),
(278, 'Alicia Rogahn', '$2y$10$92IXUNpkjO0rOQ5byMi.Ye4oKoEa3Ro9llC/.og/at2.uheWG/igi', 'Noble Wyman', '2019-12-02', NULL, 'img-default.jpg', 'cover-default.jpg', '2019-12-02 14:02:56', NULL, '2019-12-02 14:02:57', '2019-12-02 14:02:57'),
(279, 'Isidro Zulauf', '$2y$10$92IXUNpkjO0rOQ5byMi.Ye4oKoEa3Ro9llC/.og/at2.uheWG/igi', 'Lexi Blick', '2019-12-02', NULL, 'img-default.jpg', 'cover-default.jpg', '2019-12-02 14:02:56', NULL, '2019-12-02 14:02:57', '2019-12-02 14:02:57'),
(280, 'Dr. Kianna Beatty II', '$2y$10$92IXUNpkjO0rOQ5byMi.Ye4oKoEa3Ro9llC/.og/at2.uheWG/igi', 'Javonte Mayert', '2019-12-02', NULL, 'img-default.jpg', 'cover-default.jpg', '2019-12-02 14:02:56', NULL, '2019-12-02 14:02:57', '2019-12-02 14:02:57'),
(281, 'Lucas Bechtelar', '$2y$10$92IXUNpkjO0rOQ5byMi.Ye4oKoEa3Ro9llC/.og/at2.uheWG/igi', 'Jess Cartwright', '2019-12-02', NULL, 'img-default.jpg', 'cover-default.jpg', '2019-12-02 14:02:56', NULL, '2019-12-02 14:02:57', '2019-12-02 14:02:57'),
(282, 'Joel Friesen', '$2y$10$92IXUNpkjO0rOQ5byMi.Ye4oKoEa3Ro9llC/.og/at2.uheWG/igi', 'Audreanne Hessel I', '2019-12-02', NULL, 'img-default.jpg', 'cover-default.jpg', '2019-12-02 14:02:56', NULL, '2019-12-02 14:02:57', '2019-12-02 14:02:57'),
(283, 'Jay Dickinson DDS', '$2y$10$92IXUNpkjO0rOQ5byMi.Ye4oKoEa3Ro9llC/.og/at2.uheWG/igi', 'Mr. Gonzalo Ondricka', '2019-12-02', NULL, 'img-default.jpg', 'cover-default.jpg', '2019-12-02 14:02:56', NULL, '2019-12-02 14:02:57', '2019-12-02 14:02:57'),
(284, 'Lauretta Mayer', '$2y$10$92IXUNpkjO0rOQ5byMi.Ye4oKoEa3Ro9llC/.og/at2.uheWG/igi', 'Karine Connelly', '2019-12-02', NULL, 'img-default.jpg', 'cover-default.jpg', '2019-12-02 14:02:56', NULL, '2019-12-02 14:02:57', '2019-12-02 14:02:57'),
(285, 'Prof. Elmore Parker DVM', '$2y$10$92IXUNpkjO0rOQ5byMi.Ye4oKoEa3Ro9llC/.og/at2.uheWG/igi', 'Mr. Jordan Ryan', '2019-12-02', NULL, 'img-default.jpg', 'cover-default.jpg', '2019-12-02 14:02:56', NULL, '2019-12-02 14:02:57', '2019-12-02 14:02:57'),
(286, 'Prof. Dwight Jacobi DVM', '$2y$10$92IXUNpkjO0rOQ5byMi.Ye4oKoEa3Ro9llC/.og/at2.uheWG/igi', 'Mr. Karson Simonis', '2019-12-02', NULL, 'img-default.jpg', 'cover-default.jpg', '2019-12-02 14:02:56', NULL, '2019-12-02 14:02:57', '2019-12-02 14:02:57'),
(287, 'Jammie Denesik', '$2y$10$92IXUNpkjO0rOQ5byMi.Ye4oKoEa3Ro9llC/.og/at2.uheWG/igi', 'Miss Marcelle McCullough', '2019-12-02', NULL, 'img-default.jpg', 'cover-default.jpg', '2019-12-02 14:02:56', NULL, '2019-12-02 14:02:57', '2019-12-02 14:02:57'),
(288, 'Angela Kuhlman III', '$2y$10$92IXUNpkjO0rOQ5byMi.Ye4oKoEa3Ro9llC/.og/at2.uheWG/igi', 'Cayla Mohr', '2019-12-02', NULL, 'img-default.jpg', 'cover-default.jpg', '2019-12-02 14:02:56', NULL, '2019-12-02 14:02:57', '2019-12-02 14:02:57'),
(289, 'Chloe Heathcote', '$2y$10$92IXUNpkjO0rOQ5byMi.Ye4oKoEa3Ro9llC/.og/at2.uheWG/igi', 'Faye Aufderhar', '2019-12-02', NULL, 'img-default.jpg', 'cover-default.jpg', '2019-12-02 14:02:56', NULL, '2019-12-02 14:02:57', '2019-12-02 14:02:57'),
(290, 'Jeramie Pollich', '$2y$10$92IXUNpkjO0rOQ5byMi.Ye4oKoEa3Ro9llC/.og/at2.uheWG/igi', 'Prof. Braxton Marvin PhD', '2019-12-02', NULL, 'img-default.jpg', 'cover-default.jpg', '2019-12-02 14:02:56', NULL, '2019-12-02 14:02:57', '2019-12-02 14:02:57'),
(291, 'Jenifer Klocko', '$2y$10$92IXUNpkjO0rOQ5byMi.Ye4oKoEa3Ro9llC/.og/at2.uheWG/igi', 'Nikolas Gusikowski', '2019-12-02', NULL, 'img-default.jpg', 'cover-default.jpg', '2019-12-02 14:02:56', NULL, '2019-12-02 14:02:57', '2019-12-02 14:02:57'),
(292, 'Mason Schumm', '$2y$10$92IXUNpkjO0rOQ5byMi.Ye4oKoEa3Ro9llC/.og/at2.uheWG/igi', 'Tremaine Rath', '2019-12-02', NULL, 'img-default.jpg', 'cover-default.jpg', '2019-12-02 14:02:56', NULL, '2019-12-02 14:02:57', '2019-12-02 14:02:57'),
(293, 'Brent Batz', '$2y$10$92IXUNpkjO0rOQ5byMi.Ye4oKoEa3Ro9llC/.og/at2.uheWG/igi', 'Norberto Nienow', '2019-12-02', NULL, 'img-default.jpg', 'cover-default.jpg', '2019-12-02 14:02:56', NULL, '2019-12-02 14:02:57', '2019-12-02 14:02:57'),
(294, 'Ms. Fleta Pfeffer', '$2y$10$92IXUNpkjO0rOQ5byMi.Ye4oKoEa3Ro9llC/.og/at2.uheWG/igi', 'Melany Paucek V', '2019-12-02', NULL, 'img-default.jpg', 'cover-default.jpg', '2019-12-02 14:02:56', NULL, '2019-12-02 14:02:57', '2019-12-02 14:02:57'),
(295, 'Dr. Dean Crooks', '$2y$10$92IXUNpkjO0rOQ5byMi.Ye4oKoEa3Ro9llC/.og/at2.uheWG/igi', 'Ruben Gibson', '2019-12-02', NULL, 'img-default.jpg', 'cover-default.jpg', '2019-12-02 14:02:56', NULL, '2019-12-02 14:02:57', '2019-12-02 14:02:57'),
(296, 'Prof. Antonia Gaylord PhD', '$2y$10$92IXUNpkjO0rOQ5byMi.Ye4oKoEa3Ro9llC/.og/at2.uheWG/igi', 'Prof. Ulises Boyle', '2019-12-02', NULL, 'img-default.jpg', 'cover-default.jpg', '2019-12-02 14:02:56', NULL, '2019-12-02 14:02:57', '2019-12-02 14:02:57'),
(297, 'Eryn Jaskolski DVM', '$2y$10$92IXUNpkjO0rOQ5byMi.Ye4oKoEa3Ro9llC/.og/at2.uheWG/igi', 'Dr. Miller Hackett Sr.', '2019-12-02', NULL, 'img-default.jpg', 'cover-default.jpg', '2019-12-02 14:02:56', NULL, '2019-12-02 14:02:57', '2019-12-02 14:02:57'),
(298, 'Dr. Jarret White', '$2y$10$92IXUNpkjO0rOQ5byMi.Ye4oKoEa3Ro9llC/.og/at2.uheWG/igi', 'Wilber Kohler', '2019-12-02', NULL, 'img-default.jpg', 'cover-default.jpg', '2019-12-02 14:02:56', NULL, '2019-12-02 14:02:57', '2019-12-02 14:02:57'),
(299, 'Tyreek Ortiz', '$2y$10$92IXUNpkjO0rOQ5byMi.Ye4oKoEa3Ro9llC/.og/at2.uheWG/igi', 'Amira Hahn', '2019-12-02', NULL, 'img-default.jpg', 'cover-default.jpg', '2019-12-02 14:02:56', NULL, '2019-12-02 14:02:57', '2019-12-02 14:02:57'),
(300, 'Janis Anderson PhD', '$2y$10$92IXUNpkjO0rOQ5byMi.Ye4oKoEa3Ro9llC/.og/at2.uheWG/igi', 'Prof. Murl Bogan PhD', '2019-12-02', NULL, 'img-default.jpg', 'cover-default.jpg', '2019-12-02 14:02:56', NULL, '2019-12-02 14:02:57', '2019-12-02 14:02:57'),
(301, 'Ryley Rowe', '$2y$10$92IXUNpkjO0rOQ5byMi.Ye4oKoEa3Ro9llC/.og/at2.uheWG/igi', 'Jovan D\'Amore DDS', '2019-12-02', NULL, 'img-default.jpg', 'cover-default.jpg', '2019-12-02 14:02:56', NULL, '2019-12-02 14:02:57', '2019-12-02 14:02:57'),
(302, 'Josianne Schmitt', '$2y$10$92IXUNpkjO0rOQ5byMi.Ye4oKoEa3Ro9llC/.og/at2.uheWG/igi', 'Carey Collins', '2019-12-02', NULL, 'img-default.jpg', 'cover-default.jpg', '2019-12-02 14:02:56', NULL, '2019-12-02 14:02:57', '2019-12-02 14:02:57'),
(303, 'Hilda Hagenes', '$2y$10$92IXUNpkjO0rOQ5byMi.Ye4oKoEa3Ro9llC/.og/at2.uheWG/igi', 'Cathryn Brown', '2019-12-02', NULL, 'img-default.jpg', 'cover-default.jpg', '2019-12-02 14:02:56', NULL, '2019-12-02 14:02:57', '2019-12-02 14:02:57');

--
-- Indexes for dumped tables
--

--
-- Indexes for table `failed_jobs`
--
ALTER TABLE `failed_jobs`
  ADD PRIMARY KEY (`id`);

--
-- Indexes for table `migrations`
--
ALTER TABLE `migrations`
  ADD PRIMARY KEY (`id`);

--
-- Indexes for table `password_resets`
--
ALTER TABLE `password_resets`
  ADD KEY `password_resets_username_index` (`username`);

--
-- Indexes for table `tb_friends`
--
ALTER TABLE `tb_friends`
  ADD KEY `id_parents` (`id_user`),
  ADD KEY `id_child` (`id_follower`);

--
-- Indexes for table `tb_likes`
--
ALTER TABLE `tb_likes`
  ADD PRIMARY KEY (`id_likes`),
  ADD KEY `id_tweet` (`id_tweet`),
  ADD KEY `id_user` (`id_user`);

--
-- Indexes for table `tb_reply`
--
ALTER TABLE `tb_reply`
  ADD PRIMARY KEY (`id_reply`),
  ADD KEY `id_user` (`id_user`),
  ADD KEY `id_tweet` (`id_tweet`);

--
-- Indexes for table `tb_tweets`
--
ALTER TABLE `tb_tweets`
  ADD PRIMARY KEY (`id_tweet`),
  ADD KEY `id_user` (`id_user`);

--
-- Indexes for table `tb_users`
--
ALTER TABLE `tb_users`
  ADD PRIMARY KEY (`id_user`),
  ADD UNIQUE KEY `tb_users_username_unique` (`username`);

--
-- AUTO_INCREMENT for dumped tables
--

--
-- AUTO_INCREMENT for table `failed_jobs`
--
ALTER TABLE `failed_jobs`
  MODIFY `id` bigint(20) UNSIGNED NOT NULL AUTO_INCREMENT;

--
-- AUTO_INCREMENT for table `migrations`
--
ALTER TABLE `migrations`
  MODIFY `id` int(10) UNSIGNED NOT NULL AUTO_INCREMENT, AUTO_INCREMENT=4;

--
-- AUTO_INCREMENT for table `tb_likes`
--
ALTER TABLE `tb_likes`
  MODIFY `id_likes` int(11) NOT NULL AUTO_INCREMENT, AUTO_INCREMENT=31;

--
-- AUTO_INCREMENT for table `tb_reply`
--
ALTER TABLE `tb_reply`
  MODIFY `id_reply` int(11) NOT NULL AUTO_INCREMENT, AUTO_INCREMENT=26;

--
-- AUTO_INCREMENT for table `tb_tweets`
--
ALTER TABLE `tb_tweets`
  MODIFY `id_tweet` int(11) NOT NULL AUTO_INCREMENT, AUTO_INCREMENT=20;

--
-- AUTO_INCREMENT for table `tb_users`
--
ALTER TABLE `tb_users`
  MODIFY `id_user` bigint(20) UNSIGNED NOT NULL AUTO_INCREMENT, AUTO_INCREMENT=304;

--
-- Constraints for dumped tables
--

--
-- Constraints for table `tb_friends`
--
ALTER TABLE `tb_friends`
  ADD CONSTRAINT `tb_friends_ibfk_1` FOREIGN KEY (`id_user`) REFERENCES `tb_users` (`id_user`) ON DELETE CASCADE ON UPDATE CASCADE,
  ADD CONSTRAINT `tb_friends_ibfk_2` FOREIGN KEY (`id_follower`) REFERENCES `tb_users` (`id_user`) ON DELETE CASCADE ON UPDATE CASCADE;

--
-- Constraints for table `tb_likes`
--
ALTER TABLE `tb_likes`
  ADD CONSTRAINT `tb_likes_ibfk_1` FOREIGN KEY (`id_tweet`) REFERENCES `tb_tweets` (`id_tweet`) ON DELETE CASCADE ON UPDATE CASCADE,
  ADD CONSTRAINT `tb_likes_ibfk_2` FOREIGN KEY (`id_user`) REFERENCES `tb_users` (`id_user`) ON DELETE CASCADE ON UPDATE CASCADE;

--
-- Constraints for table `tb_reply`
--
ALTER TABLE `tb_reply`
  ADD CONSTRAINT `tb_reply_ibfk_1` FOREIGN KEY (`id_user`) REFERENCES `tb_users` (`id_user`) ON DELETE CASCADE ON UPDATE CASCADE,
  ADD CONSTRAINT `tb_reply_ibfk_2` FOREIGN KEY (`id_tweet`) REFERENCES `tb_tweets` (`id_tweet`) ON DELETE CASCADE ON UPDATE CASCADE;

--
-- Constraints for table `tb_tweets`
--
ALTER TABLE `tb_tweets`
  ADD CONSTRAINT `tb_tweets_ibfk_1` FOREIGN KEY (`id_user`) REFERENCES `tb_users` (`id_user`) ON DELETE CASCADE ON UPDATE CASCADE;
COMMIT;

/*!40101 SET CHARACTER_SET_CLIENT=@OLD_CHARACTER_SET_CLIENT */;
/*!40101 SET CHARACTER_SET_RESULTS=@OLD_CHARACTER_SET_RESULTS */;
/*!40101 SET COLLATION_CONNECTION=@OLD_COLLATION_CONNECTION */;
